date,facility_id,patient_footfall,bed_capacity,occupied_beds,bed_occupancy_rate,staff_available,staff_availability_rate,supplier_delay_days,anomaly_event
2026-04-01,FAC-001,297,20,19,0.98,58,0.809,0,0
2026-04-02,FAC-001,303,20,19,0.98,62,0.869,0,0
2026-04-03,FAC-001,286,20,19,0.98,58,0.806,0,0
2026-04-04,FAC-001,228,20,19,0.98,67,0.941,0,0
2026-04-05,FAC-001,258,20,19,0.98,67,0.94,0,0
2026-04-06,FAC-001,293,20,19,0.98,69,0.97,0,0
2026-04-07,FAC-001,282,20,19,0.98,70,0.973,0,0
2026-04-08,FAC-001,316,20,19,0.98,67,0.938,0,0
2026-04-09,FAC-001,240,20,19,0.98,60,0.844,0,0
2026-04-10,FAC-001,306,20,19,0.98,66,0.92,0,0
2026-04-11,FAC-001,217,20,19,0.98,64,0.896,0,0
2026-04-12,FAC-001,263,20,19,0.98,67,0.935,0,0
2026-04-13,FAC-001,295,20,19,0.98,58,0.815,0,0
2026-04-14,FAC-001,293,20,19,0.98,67,0.936,0,0
2026-04-15,FAC-001,305,20,19,0.98,58,0.812,0,0
2026-04-16,FAC-001,309,20,19,0.98,60,0.843,0,0
2026-04-17,FAC-001,279,20,19,0.98,63,0.879,0,0
2026-04-18,FAC-001,260,20,19,0.98,61,0.848,0,0
2026-04-19,FAC-001,240,20,19,0.98,58,0.819,0,0
2026-04-20,FAC-001,265,20,19,0.98,59,0.825,0,0
2026-04-21,FAC-001,334,20,19,0.98,60,0.846,0,0
2026-04-22,FAC-001,270,20,19,0.98,62,0.866,4,0
2026-04-23,FAC-001,241,20,19,0.98,64,0.899,0,0
2026-04-24,FAC-001,289,20,19,0.98,60,0.837,0,0
2026-04-25,FAC-001,231,20,19,0.98,64,0.896,0,0
2026-04-26,FAC-001,253,20,19,0.98,63,0.886,0,0
2026-04-27,FAC-001,323,20,19,0.98,54,0.75,0,0
2026-04-28,FAC-001,324,20,19,0.98,70,0.974,0,0
2026-04-29,FAC-001,285,20,19,0.98,67,0.944,3,0
2026-04-30,FAC-001,276,20,19,0.98,64,0.899,0,0
2026-05-01,FAC-001,319,20,19,0.98,62,0.873,0,0
2026-05-02,FAC-001,254,20,19,0.98,65,0.905,0,0
2026-05-03,FAC-001,239,20,19,0.98,67,0.943,0,0
2026-05-04,FAC-001,269,20,19,0.98,69,0.966,0,0
2026-05-05,FAC-001,301,20,19,0.98,66,0.929,0,0
2026-05-06,FAC-001,313,20,19,0.98,67,0.941,0,0
2026-05-07,FAC-001,335,20,19,0.98,62,0.862,0,0
2026-05-08,FAC-001,279,20,19,0.98,66,0.923,0,0
2026-05-09,FAC-001,249,20,19,0.98,64,0.891,0,0
2026-05-10,FAC-001,251,20,19,0.98,60,0.836,0,0
2026-05-11,FAC-001,294,20,19,0.98,68,0.955,0,0
2026-05-12,FAC-001,286,20,19,0.98,69,0.966,0,0
2026-05-13,FAC-001,249,20,19,0.98,60,0.841,0,0
2026-05-14,FAC-001,266,20,19,0.98,61,0.852,0,0
2026-05-15,FAC-001,292,20,19,0.98,62,0.872,0,0
2026-05-16,FAC-001,226,20,19,0.98,68,0.958,0,0
2026-05-17,FAC-001,257,20,19,0.98,72,1.0,0,0
2026-05-18,FAC-001,296,20,19,0.98,58,0.81,0,0
2026-05-19,FAC-001,292,20,19,0.98,64,0.892,0,0
2026-05-20,FAC-001,313,20,19,0.98,58,0.819,0,0
2026-05-21,FAC-001,313,20,19,0.98,64,0.9,0,0
2026-05-22,FAC-001,256,20,19,0.98,66,0.924,5,0
2026-05-23,FAC-001,213,20,19,0.98,66,0.92,0,0
2026-05-24,FAC-001,259,20,19,0.98,66,0.92,0,0
2026-05-25,FAC-001,343,20,19,0.98,60,0.843,0,0
2026-05-26,FAC-001,279,20,19,0.98,57,0.795,2,0
2026-05-27,FAC-001,262,20,19,0.98,59,0.831,0,0
2026-05-28,FAC-001,326,20,19,0.98,60,0.838,0,0
2026-05-29,FAC-001,315,20,19,0.98,66,0.925,0,0
2026-05-30,FAC-001,235,20,19,0.98,66,0.928,0,0
2026-05-31,FAC-001,219,20,19,0.98,61,0.856,0,0
2026-06-01,FAC-001,299,20,19,0.98,64,0.892,0,0
2026-06-02,FAC-001,258,20,19,0.98,59,0.828,0,0
2026-06-03,FAC-001,323,20,19,0.98,65,0.908,0,0
2026-06-04,FAC-001,303,20,19,0.98,68,0.958,3,0
2026-06-05,FAC-001,283,20,19,0.98,64,0.891,0,0
2026-06-06,FAC-001,243,20,19,0.98,61,0.854,0,0
2026-06-07,FAC-001,259,20,19,0.98,56,0.781,0,0
2026-06-08,FAC-001,275,20,19,0.98,72,1.0,0,0
2026-06-09,FAC-001,279,20,19,0.98,63,0.879,0,0
2026-06-10,FAC-001,300,20,19,0.98,72,1.0,0,0
2026-06-11,FAC-001,301,20,19,0.98,62,0.872,0,0
2026-06-12,FAC-001,401,20,19,0.98,61,0.859,0,1
2026-06-13,FAC-001,246,20,19,0.98,62,0.864,0,0
2026-06-14,FAC-001,240,20,19,0.98,72,1.0,0,0
2026-06-15,FAC-001,284,20,19,0.98,67,0.931,0,0
2026-06-16,FAC-001,556,20,19,0.98,69,0.958,0,1
2026-06-17,FAC-001,333,20,19,0.98,68,0.956,0,0
2026-06-18,FAC-001,311,20,19,0.98,60,0.838,0,0
2026-06-19,FAC-001,301,20,19,0.98,66,0.928,0,0
2026-06-20,FAC-001,275,20,19,0.98,59,0.831,0,0
2026-06-21,FAC-001,264,20,19,0.98,61,0.858,5,0
2026-06-22,FAC-001,287,20,19,0.98,58,0.807,0,0
2026-06-23,FAC-001,324,20,19,0.98,71,0.994,0,0
2026-06-24,FAC-001,270,20,19,0.98,64,0.898,0,0
2026-06-25,FAC-001,256,20,19,0.98,70,0.98,0,0
2026-06-26,FAC-001,308,20,19,0.98,55,0.767,1,0
2026-06-27,FAC-001,281,20,19,0.98,72,1.0,0,0
2026-06-28,FAC-001,241,20,19,0.98,66,0.93,0,0
2026-06-29,FAC-001,261,20,19,0.98,69,0.964,0,0
2026-06-30,FAC-001,316,20,19,0.98,61,0.848,0,0
2026-07-01,FAC-001,317,20,19,0.98,55,0.765,0,0
2026-07-02,FAC-001,240,20,19,0.98,62,0.865,0,0
2026-07-03,FAC-001,291,20,19,0.98,69,0.959,0,0
2026-07-04,FAC-001,256,20,19,0.98,59,0.819,0,0
2026-07-05,FAC-001,185,20,19,0.98,72,1.0,0,0
2026-07-06,FAC-001,291,20,19,0.98,66,0.919,4,0
2026-07-07,FAC-001,339,20,19,0.98,66,0.93,0,0
2026-07-08,FAC-001,300,20,19,0.98,58,0.814,0,0
2026-07-09,FAC-001,290,20,19,0.98,63,0.886,0,0
2026-07-10,FAC-001,300,20,19,0.98,66,0.927,2,0
2026-07-11,FAC-001,225,20,19,0.98,63,0.889,0,0
2026-07-12,FAC-001,219,20,19,0.98,64,0.89,0,0
2026-07-13,FAC-001,344,20,19,0.98,61,0.847,0,0
2026-07-14,FAC-001,281,20,19,0.98,57,0.805,5,0
2026-07-15,FAC-001,290,20,19,0.98,56,0.785,0,0
2026-07-16,FAC-001,321,20,19,0.98,67,0.933,0,0
2026-07-17,FAC-001,318,20,19,0.98,68,0.946,0,0
2026-07-18,FAC-001,244,20,19,0.98,65,0.903,0,0
2026-07-19,FAC-001,238,20,19,0.98,63,0.883,0,0
2026-07-20,FAC-001,302,20,19,0.98,63,0.884,0,0
2026-07-21,FAC-001,298,20,19,0.98,60,0.836,0,0
2026-07-22,FAC-001,284,20,19,0.98,71,0.986,0,0
2026-07-23,FAC-001,284,20,19,0.98,62,0.864,0,0
2026-07-24,FAC-001,294,20,19,0.98,66,0.928,2,0
2026-07-25,FAC-001,235,20,19,0.98,62,0.866,0,0
2026-07-26,FAC-001,240,20,19,0.98,63,0.881,0,0
2026-07-27,FAC-001,261,20,19,0.98,58,0.81,1,0
2026-07-28,FAC-001,286,20,19,0.98,72,1.0,0,0
2026-07-29,FAC-001,260,20,19,0.98,69,0.962,3,0
2026-07-30,FAC-001,294,20,19,0.98,64,0.894,0,0
2026-07-31,FAC-001,339,20,19,0.98,71,0.986,0,0
2026-08-01,FAC-001,262,20,19,0.98,65,0.913,0,0
2026-08-02,FAC-001,247,20,19,0.98,65,0.914,0,0
2026-08-03,FAC-001,306,20,19,0.98,68,0.955,0,0
2026-08-04,FAC-001,322,20,19,0.98,62,0.862,0,0
2026-08-05,FAC-001,287,20,19,0.98,61,0.848,0,0
2026-08-06,FAC-001,286,20,19,0.98,66,0.93,0,0
2026-08-07,FAC-001,303,20,19,0.98,70,0.977,0,0
2026-08-08,FAC-001,256,20,19,0.98,62,0.866,0,0
2026-08-09,FAC-001,266,20,19,0.98,53,0.743,3,0
2026-08-10,FAC-001,287,20,19,0.98,70,0.973,0,0
2026-08-11,FAC-001,308,20,19,0.98,71,0.997,0,0
2026-08-12,FAC-001,334,20,19,0.98,65,0.907,0,0
2026-08-13,FAC-001,312,20,19,0.98,68,0.952,0,0
2026-08-14,FAC-001,301,20,19,0.98,56,0.787,0,0
2026-08-15,FAC-001,278,20,19,0.98,70,0.973,0,0
2026-08-16,FAC-001,255,20,19,0.98,62,0.871,0,0
2026-08-17,FAC-001,276,20,19,0.98,56,0.791,0,0
2026-08-18,FAC-001,327,20,19,0.98,72,1.0,0,0
2026-08-19,FAC-001,261,20,19,0.98,60,0.846,3,0
2026-08-20,FAC-001,318,20,19,0.98,72,1.0,0,0
2026-08-21,FAC-001,306,20,19,0.98,65,0.905,0,0
2026-08-22,FAC-001,266,20,19,0.98,62,0.868,3,0
2026-08-23,FAC-001,232,20,19,0.98,65,0.903,0,0
2026-08-24,FAC-001,293,20,19,0.98,67,0.931,0,0
2026-08-25,FAC-001,275,20,19,0.98,64,0.898,0,0
2026-08-26,FAC-001,283,20,19,0.98,72,1.0,0,0
2026-08-27,FAC-001,296,20,19,0.98,65,0.911,0,0
2026-08-28,FAC-001,287,20,19,0.98,66,0.919,0,0
2026-08-29,FAC-001,259,20,19,0.98,65,0.912,5,0
2026-08-30,FAC-001,293,20,19,0.98,65,0.908,0,0
2026-08-31,FAC-001,327,20,19,0.98,63,0.879,0,0
2026-09-01,FAC-001,328,20,19,0.98,63,0.886,0,0
2026-09-02,FAC-001,287,20,19,0.98,69,0.971,0,0
2026-09-03,FAC-001,312,20,19,0.98,61,0.847,0,0
2026-09-04,FAC-001,289,20,19,0.98,55,0.769,0,0
2026-09-05,FAC-001,252,20,19,0.98,72,1.0,0,0
2026-09-06,FAC-001,293,20,19,0.98,72,1.0,0,0
2026-09-07,FAC-001,341,20,19,0.98,69,0.964,0,0
2026-09-08,FAC-001,324,20,19,0.98,58,0.815,0,0
2026-09-09,FAC-001,322,20,19,0.98,64,0.899,0,0
2026-09-10,FAC-001,292,20,19,0.98,69,0.971,0,0
2026-09-11,FAC-001,306,20,19,0.98,68,0.954,0,0
2026-09-12,FAC-001,261,20,19,0.98,68,0.949,0,0
2026-09-13,FAC-001,273,20,19,0.98,72,1.0,0,0
2026-09-14,FAC-001,338,20,19,0.98,60,0.845,0,0
2026-09-15,FAC-001,324,20,19,0.98,72,1.0,0,0
2026-09-16,FAC-001,332,20,19,0.98,64,0.901,0,0
2026-09-17,FAC-001,286,20,19,0.98,66,0.929,0,0
2026-09-18,FAC-001,265,20,19,0.98,72,1.0,0,0
2026-09-19,FAC-001,221,20,19,0.98,65,0.914,0,0
2026-09-20,FAC-001,250,20,19,0.98,64,0.896,0,0
2026-09-21,FAC-001,283,20,19,0.98,66,0.928,4,0
2026-09-22,FAC-001,295,20,19,0.98,62,0.869,0,0
2026-09-23,FAC-001,278,20,19,0.98,66,0.921,0,0
2026-09-24,FAC-001,322,20,19,0.98,67,0.931,0,0
2026-09-25,FAC-001,321,20,19,0.98,61,0.859,0,0
2026-09-26,FAC-001,278,20,19,0.98,68,0.949,0,0
2026-09-27,FAC-001,227,20,19,0.98,72,1.0,0,0
2026-04-01,FAC-002,186,81,79,0.98,25,0.76,0,0
2026-04-02,FAC-002,205,81,79,0.98,31,0.96,0,0
2026-04-03,FAC-002,193,81,79,0.98,25,0.763,0,0
2026-04-04,FAC-002,173,81,79,0.98,27,0.847,0,0
2026-04-05,FAC-002,144,81,79,0.98,29,0.899,0,0
2026-04-06,FAC-002,198,81,79,0.98,32,0.995,0,0
2026-04-07,FAC-002,197,81,79,0.98,29,0.879,0,0
2026-04-08,FAC-002,177,81,79,0.98,33,1.0,0,0
2026-04-09,FAC-002,177,81,79,0.98,25,0.765,0,0
2026-04-10,FAC-002,193,81,79,0.98,27,0.844,0,0
2026-04-11,FAC-002,195,81,79,0.98,24,0.746,0,0
2026-04-12,FAC-002,151,81,79,0.98,33,1.0,0,0
2026-04-13,FAC-002,194,81,79,0.98,27,0.829,0,0
2026-04-14,FAC-002,174,81,79,0.98,28,0.864,0,0
2026-04-15,FAC-002,195,81,79,0.98,31,0.952,0,0
2026-04-16,FAC-002,170,81,79,0.98,30,0.912,0,0
2026-04-17,FAC-002,175,81,79,0.98,28,0.862,0,0
2026-04-18,FAC-002,150,81,79,0.98,28,0.877,0,0
2026-04-19,FAC-002,141,81,79,0.98,30,0.932,0,0
2026-04-20,FAC-002,164,81,79,0.98,28,0.859,0,0
2026-04-21,FAC-002,193,81,79,0.98,27,0.845,0,0
2026-04-22,FAC-002,188,81,79,0.98,29,0.885,4,0
2026-04-23,FAC-002,183,81,79,0.98,31,0.95,0,0
2026-04-24,FAC-002,184,81,79,0.98,29,0.905,5,0
2026-04-25,FAC-002,154,81,79,0.98,27,0.828,3,0
2026-04-26,FAC-002,160,81,79,0.98,31,0.954,0,0
2026-04-27,FAC-002,175,81,79,0.98,30,0.927,0,0
2026-04-28,FAC-002,185,81,79,0.98,26,0.802,0,0
2026-04-29,FAC-002,186,81,79,0.98,28,0.865,0,0
2026-04-30,FAC-002,171,81,79,0.98,26,0.803,0,0
2026-05-01,FAC-002,205,81,79,0.98,28,0.873,0,0
2026-05-02,FAC-002,130,81,79,0.98,32,0.988,0,0
2026-05-03,FAC-002,161,81,79,0.98,31,0.962,0,0
2026-05-04,FAC-002,170,81,79,0.98,33,1.0,0,0
2026-05-05,FAC-002,177,81,79,0.98,28,0.879,0,0
2026-05-06,FAC-002,189,81,79,0.98,29,0.887,0,0
2026-05-07,FAC-002,173,81,79,0.98,29,0.904,0,0
2026-05-08,FAC-002,200,81,79,0.98,25,0.77,0,0
2026-05-09,FAC-002,148,81,79,0.98,33,1.0,0,0
2026-05-10,FAC-002,160,81,79,0.98,25,0.787,0,0
2026-05-11,FAC-002,188,81,79,0.98,31,0.952,0,0
2026-05-12,FAC-002,195,81,79,0.98,29,0.904,0,0
2026-05-13,FAC-002,161,81,79,0.98,30,0.914,0,0
2026-05-14,FAC-002,175,81,79,0.98,30,0.928,3,0
2026-05-15,FAC-002,206,81,79,0.98,30,0.914,1,0
2026-05-16,FAC-002,168,81,79,0.98,28,0.87,0,0
2026-05-17,FAC-002,154,81,79,0.98,28,0.871,2,0
2026-05-18,FAC-002,202,81,79,0.98,32,0.975,0,0
2026-05-19,FAC-002,181,81,79,0.98,30,0.91,0,0
2026-05-20,FAC-002,172,81,79,0.98,30,0.92,0,0
2026-05-21,FAC-002,186,81,79,0.98,33,1.0,0,0
2026-05-22,FAC-002,188,81,79,0.98,32,0.997,0,0
2026-05-23,FAC-002,167,81,79,0.98,27,0.837,0,0
2026-05-24,FAC-002,156,81,79,0.98,30,0.937,0,0
2026-05-25,FAC-002,201,81,79,0.98,32,0.981,0,0
2026-05-26,FAC-002,189,81,79,0.98,29,0.9,0,0
2026-05-27,FAC-002,186,81,79,0.98,28,0.866,0,0
2026-05-28,FAC-002,192,81,79,0.98,28,0.861,0,0
2026-05-29,FAC-002,201,81,79,0.98,31,0.943,0,0
2026-05-30,FAC-002,142,81,79,0.98,29,0.887,0,0
2026-05-31,FAC-002,155,81,79,0.98,28,0.875,0,0
2026-06-01,FAC-002,209,81,79,0.98,29,0.893,5,0
2026-06-02,FAC-002,184,81,79,0.98,30,0.914,0,0
2026-06-03,FAC-002,194,81,79,0.98,29,0.908,0,0
2026-06-04,FAC-002,196,81,79,0.98,29,0.897,0,0
2026-06-05,FAC-002,171,81,79,0.98,26,0.797,0,0
2026-06-06,FAC-002,163,81,79,0.98,30,0.922,0,0
2026-06-07,FAC-002,146,81,79,0.98,29,0.879,0,0
2026-06-08,FAC-002,172,81,79,0.98,31,0.946,0,0
2026-06-09,FAC-002,212,81,79,0.98,29,0.895,0,0
2026-06-10,FAC-002,184,81,79,0.98,31,0.94,0,0
2026-06-11,FAC-002,204,81,79,0.98,29,0.903,0,0
2026-06-12,FAC-002,208,81,79,0.98,31,0.95,0,0
2026-06-13,FAC-002,178,81,79,0.98,31,0.962,0,0
2026-06-14,FAC-002,162,81,79,0.98,29,0.906,0,0
2026-06-15,FAC-002,181,81,79,0.98,29,0.883,0,0
2026-06-16,FAC-002,194,81,79,0.98,29,0.888,3,0
2026-06-17,FAC-002,186,81,79,0.98,28,0.878,0,0
2026-06-18,FAC-002,209,81,79,0.98,32,0.981,0,0
2026-06-19,FAC-002,209,81,79,0.98,25,0.779,0,0
2026-06-20,FAC-002,174,81,79,0.98,24,0.748,2,0
2026-06-21,FAC-002,177,81,79,0.98,25,0.786,0,0
2026-06-22,FAC-002,192,81,79,0.98,32,0.974,0,0
2026-06-23,FAC-002,202,81,79,0.98,31,0.944,0,0
2026-06-24,FAC-002,186,81,79,0.98,30,0.915,0,0
2026-06-25,FAC-002,189,81,79,0.98,29,0.89,0,0
2026-06-26,FAC-002,189,81,79,0.98,26,0.804,0,0
2026-06-27,FAC-002,168,81,79,0.98,29,0.888,0,0
2026-06-28,FAC-002,165,81,79,0.98,26,0.788,0,0
2026-06-29,FAC-002,185,81,79,0.98,31,0.945,0,0
2026-06-30,FAC-002,166,81,79,0.98,29,0.885,0,0
2026-07-01,FAC-002,176,81,79,0.98,31,0.948,0,0
2026-07-02,FAC-002,194,81,79,0.98,30,0.915,0,0
2026-07-03,FAC-002,204,81,79,0.98,29,0.903,0,0
2026-07-04,FAC-002,176,81,79,0.98,30,0.937,0,0
2026-07-05,FAC-002,155,81,79,0.98,29,0.894,0,0
2026-07-06,FAC-002,198,81,79,0.98,29,0.906,0,0
2026-07-07,FAC-002,167,81,79,0.98,33,1.0,0,0
2026-07-08,FAC-002,192,81,79,0.98,30,0.91,0,0
2026-07-09,FAC-002,191,81,79,0.98,31,0.957,5,0
2026-07-10,FAC-002,212,81,79,0.98,29,0.892,1,0
2026-07-11,FAC-002,177,81,79,0.98,28,0.857,0,0
2026-07-12,FAC-002,154,81,79,0.98,30,0.93,0,0
2026-07-13,FAC-002,188,81,79,0.98,31,0.958,0,0
2026-07-14,FAC-002,187,81,79,0.98,30,0.933,0,0
2026-07-15,FAC-002,192,81,79,0.98,31,0.962,0,0
2026-07-16,FAC-002,193,81,79,0.98,30,0.933,0,0
2026-07-17,FAC-002,222,81,79,0.98,30,0.938,0,0
2026-07-18,FAC-002,177,81,79,0.98,28,0.862,1,0
2026-07-19,FAC-002,156,81,79,0.98,27,0.843,0,0
2026-07-20,FAC-002,196,81,79,0.98,30,0.912,0,0
2026-07-21,FAC-002,189,81,79,0.98,30,0.933,0,0
2026-07-22,FAC-002,183,81,79,0.98,32,0.994,0,0
2026-07-23,FAC-002,197,81,79,0.98,28,0.863,0,0
2026-07-24,FAC-002,188,81,79,0.98,27,0.841,0,0
2026-07-25,FAC-002,165,81,79,0.98,30,0.911,0,0
2026-07-26,FAC-002,179,81,79,0.98,27,0.829,0,0
2026-07-27,FAC-002,186,81,79,0.98,31,0.941,0,0
2026-07-28,FAC-002,200,81,79,0.98,31,0.945,0,0
2026-07-29,FAC-002,207,81,79,0.98,29,0.898,0,0
2026-07-30,FAC-002,223,81,79,0.98,26,0.798,0,0
2026-07-31,FAC-002,214,81,79,0.98,28,0.873,0,0
2026-08-01,FAC-002,162,81,79,0.98,29,0.905,0,0
2026-08-02,FAC-002,179,81,79,0.98,31,0.953,3,0
2026-08-03,FAC-002,200,81,79,0.98,28,0.871,0,0
2026-08-04,FAC-002,187,81,79,0.98,28,0.866,0,0
2026-08-05,FAC-002,211,81,79,0.98,28,0.853,0,0
2026-08-06,FAC-002,203,81,79,0.98,31,0.941,0,0
2026-08-07,FAC-002,175,81,79,0.98,27,0.827,0,0
2026-08-08,FAC-002,166,81,79,0.98,27,0.829,0,0
2026-08-09,FAC-002,159,81,79,0.98,28,0.861,0,0
2026-08-10,FAC-002,208,81,79,0.98,27,0.82,0,0
2026-08-11,FAC-002,171,81,79,0.98,26,0.811,0,0
2026-08-12,FAC-002,198,81,79,0.98,27,0.84,0,0
2026-08-13,FAC-002,207,81,79,0.98,30,0.918,0,0
2026-08-14,FAC-002,193,81,79,0.98,27,0.829,0,0
2026-08-15,FAC-002,152,81,79,0.98,32,0.973,0,0
2026-08-16,FAC-002,174,81,79,0.98,31,0.951,4,0
2026-08-17,FAC-002,189,81,79,0.98,26,0.812,0,0
2026-08-18,FAC-002,192,81,79,0.98,28,0.86,0,0
2026-08-19,FAC-002,210,81,79,0.98,26,0.817,0,0
2026-08-20,FAC-002,177,81,79,0.98,30,0.933,3,0
2026-08-21,FAC-002,196,81,79,0.98,30,0.913,0,0
2026-08-22,FAC-002,177,81,79,0.98,32,0.991,0,0
2026-08-23,FAC-002,170,81,79,0.98,29,0.909,0,0
2026-08-24,FAC-002,202,81,79,0.98,32,0.978,0,0
2026-08-25,FAC-002,227,81,79,0.98,33,1.0,0,0
2026-08-26,FAC-002,213,81,79,0.98,32,0.99,0,0
2026-08-27,FAC-002,221,81,79,0.98,33,1.0,0,0
2026-08-28,FAC-002,211,81,79,0.98,28,0.875,0,0
2026-08-29,FAC-002,161,81,79,0.98,30,0.934,0,0
2026-08-30,FAC-002,170,81,79,0.98,29,0.895,0,0
2026-08-31,FAC-002,174,81,79,0.98,28,0.871,0,0
2026-09-01,FAC-002,243,81,79,0.98,28,0.854,0,0
2026-09-02,FAC-002,189,81,79,0.98,30,0.929,0,0
2026-09-03,FAC-002,189,81,79,0.98,29,0.884,5,0
2026-09-04,FAC-002,217,81,79,0.98,29,0.902,5,0
2026-09-05,FAC-002,187,81,79,0.98,33,1.0,0,0
2026-09-06,FAC-002,161,81,79,0.98,32,0.994,0,0
2026-09-07,FAC-002,171,81,79,0.98,30,0.926,0,0
2026-09-08,FAC-002,182,81,79,0.98,28,0.86,0,0
2026-09-09,FAC-002,160,81,79,0.98,30,0.937,0,0
2026-09-10,FAC-002,188,81,79,0.98,32,1.0,0,0
2026-09-11,FAC-002,216,81,79,0.98,25,0.761,0,0
2026-09-12,FAC-002,157,81,79,0.98,27,0.846,0,0
2026-09-13,FAC-002,165,81,79,0.98,26,0.801,0,0
2026-09-14,FAC-002,224,81,79,0.98,30,0.916,0,0
2026-09-15,FAC-002,185,81,79,0.98,26,0.802,0,0
2026-09-16,FAC-002,223,81,79,0.98,26,0.816,0,0
2026-09-17,FAC-002,188,81,79,0.98,29,0.882,0,0
2026-09-18,FAC-002,166,81,79,0.98,33,1.0,0,0
2026-09-19,FAC-002,159,81,79,0.98,27,0.831,0,0
2026-09-20,FAC-002,175,81,79,0.98,28,0.855,0,0
2026-09-21,FAC-002,176,81,79,0.98,26,0.804,0,0
2026-09-22,FAC-002,205,81,79,0.98,31,0.942,0,0
2026-09-23,FAC-002,212,81,79,0.98,29,0.89,0,0
2026-09-24,FAC-002,222,81,79,0.98,29,0.881,0,0
2026-09-25,FAC-002,190,81,79,0.98,28,0.871,0,0
2026-09-26,FAC-002,159,81,79,0.98,33,1.0,0,0
2026-09-27,FAC-002,178,81,79,0.98,24,0.753,0,0
2026-04-01,FAC-003,331,43,42,0.98,56,0.909,0,0
2026-04-02,FAC-003,285,43,42,0.98,48,0.775,0,0
2026-04-03,FAC-003,310,43,42,0.98,58,0.936,0,0
2026-04-04,FAC-003,262,43,42,0.98,53,0.864,0,0
2026-04-05,FAC-003,278,43,42,0.98,58,0.94,0,0
2026-04-06,FAC-003,317,43,42,0.98,57,0.93,0,0
2026-04-07,FAC-003,336,43,42,0.98,56,0.911,0,0
2026-04-08,FAC-003,350,43,42,0.98,62,1.0,0,0
2026-04-09,FAC-003,304,43,42,0.98,49,0.803,0,0
2026-04-10,FAC-003,355,43,42,0.98,56,0.912,0,0
2026-04-11,FAC-003,268,43,42,0.98,60,0.973,5,0
2026-04-12,FAC-003,297,43,42,0.98,58,0.946,0,0
2026-04-13,FAC-003,352,43,42,0.98,50,0.812,0,0
2026-04-14,FAC-003,308,43,42,0.98,60,0.97,0,0
2026-04-15,FAC-003,503,43,42,0.98,48,0.779,0,1
2026-04-16,FAC-003,360,43,42,0.98,59,0.967,3,0
2026-04-17,FAC-003,275,43,42,0.98,55,0.903,0,0
2026-04-18,FAC-003,277,43,42,0.98,51,0.837,0,0
2026-04-19,FAC-003,282,43,42,0.98,58,0.937,0,0
2026-04-20,FAC-003,334,43,42,0.98,51,0.829,0,0
2026-04-21,FAC-003,328,43,42,0.98,59,0.961,0,0
2026-04-22,FAC-003,274,43,42,0.98,59,0.959,1,0
2026-04-23,FAC-003,368,43,42,0.98,59,0.955,0,0
2026-04-24,FAC-003,329,43,42,0.98,61,0.992,0,0
2026-04-25,FAC-003,281,43,42,0.98,54,0.872,0,0
2026-04-26,FAC-003,273,43,42,0.98,62,1.0,0,0
2026-04-27,FAC-003,347,43,42,0.98,62,1.0,0,0
2026-04-28,FAC-003,360,43,42,0.98,54,0.871,3,0
2026-04-29,FAC-003,342,43,42,0.98,56,0.905,0,0
2026-04-30,FAC-003,369,43,42,0.98,57,0.931,0,0
2026-05-01,FAC-003,359,43,42,0.98,52,0.851,0,0
2026-05-02,FAC-003,280,43,42,0.98,60,0.969,0,0
2026-05-03,FAC-003,261,43,42,0.98,62,1.0,0,0
2026-05-04,FAC-003,345,43,42,0.98,60,0.97,0,0
2026-05-05,FAC-003,322,43,42,0.98,56,0.911,0,0
2026-05-06,FAC-003,342,43,42,0.98,57,0.923,0,0
2026-05-07,FAC-003,363,43,42,0.98,57,0.926,4,0
2026-05-08,FAC-003,359,43,42,0.98,58,0.941,0,0
2026-05-09,FAC-003,279,43,42,0.98,54,0.873,0,0
2026-05-10,FAC-003,271,43,42,0.98,59,0.966,0,0
2026-05-11,FAC-003,300,43,42,0.98,51,0.836,0,0
2026-05-12,FAC-003,316,43,42,0.98,51,0.829,0,0
2026-05-13,FAC-003,355,43,42,0.98,58,0.94,0,0
2026-05-14,FAC-003,294,43,42,0.98,62,1.0,0,0
2026-05-15,FAC-003,382,43,42,0.98,57,0.923,0,0
2026-05-16,FAC-003,313,43,42,0.98,54,0.884,0,0
2026-05-17,FAC-003,269,43,42,0.98,60,0.968,0,0
2026-05-18,FAC-003,383,43,42,0.98,51,0.825,0,0
2026-05-19,FAC-003,368,43,42,0.98,60,0.974,0,0
2026-05-20,FAC-003,331,43,42,0.98,56,0.912,0,0
2026-05-21,FAC-003,301,43,42,0.98,62,1.0,0,0
2026-05-22,FAC-003,360,43,42,0.98,50,0.808,0,0
2026-05-23,FAC-003,252,43,42,0.98,55,0.899,0,0
2026-05-24,FAC-003,289,43,42,0.98,49,0.792,0,0
2026-05-25,FAC-003,373,43,42,0.98,54,0.88,0,0
2026-05-26,FAC-003,305,43,42,0.98,54,0.882,0,0
2026-05-27,FAC-003,337,43,42,0.98,52,0.845,0,0
2026-05-28,FAC-003,330,43,42,0.98,58,0.946,0,0
2026-05-29,FAC-003,359,43,42,0.98,54,0.886,0,0
2026-05-30,FAC-003,278,43,42,0.98,57,0.92,0,0
2026-05-31,FAC-003,291,43,42,0.98,54,0.883,0,0
2026-06-01,FAC-003,327,43,42,0.98,50,0.808,0,0
2026-06-02,FAC-003,305,43,42,0.98,60,0.979,0,0
2026-06-03,FAC-003,340,43,42,0.98,55,0.894,0,0
2026-06-04,FAC-003,349,43,42,0.98,48,0.78,0,0
2026-06-05,FAC-003,372,43,42,0.98,55,0.902,0,0
2026-06-06,FAC-003,339,43,42,0.98,57,0.922,0,0
2026-06-07,FAC-003,335,43,42,0.98,57,0.926,0,0
2026-06-08,FAC-003,355,43,42,0.98,54,0.874,0,0
2026-06-09,FAC-003,325,43,42,0.98,57,0.933,0,0
2026-06-10,FAC-003,343,43,42,0.98,48,0.782,0,0
2026-06-11,FAC-003,334,43,42,0.98,56,0.918,0,0
2026-06-12,FAC-003,348,43,42,0.98,57,0.931,0,0
2026-06-13,FAC-003,489,43,42,0.98,51,0.837,0,1
2026-06-14,FAC-003,253,43,42,0.98,56,0.915,0,0
2026-06-15,FAC-003,314,43,42,0.98,54,0.872,0,0
2026-06-16,FAC-003,295,43,42,0.98,60,0.969,0,0
2026-06-17,FAC-003,286,43,42,0.98,53,0.864,5,0
2026-06-18,FAC-003,386,43,42,0.98,50,0.81,0,0
2026-06-19,FAC-003,365,43,42,0.98,54,0.884,0,0
2026-06-20,FAC-003,272,43,42,0.98,59,0.956,0,0
2026-06-21,FAC-003,325,43,42,0.98,58,0.938,0,0
2026-06-22,FAC-003,321,43,42,0.98,57,0.929,4,0
2026-06-23,FAC-003,314,43,42,0.98,58,0.944,0,0
2026-06-24,FAC-003,330,43,42,0.98,51,0.824,0,0
2026-06-25,FAC-003,379,43,42,0.98,62,1.0,0,0
2026-06-26,FAC-003,331,43,42,0.98,54,0.886,0,0
2026-06-27,FAC-003,266,43,42,0.98,60,0.982,0,0
2026-06-28,FAC-003,268,43,42,0.98,50,0.808,0,0
2026-06-29,FAC-003,371,43,42,0.98,59,0.965,0,0
2026-06-30,FAC-003,339,43,42,0.98,58,0.949,0,0
2026-07-01,FAC-003,307,43,42,0.98,55,0.9,0,0
2026-07-02,FAC-003,332,43,42,0.98,59,0.965,0,0
2026-07-03,FAC-003,358,43,42,0.98,56,0.919,0,0
2026-07-04,FAC-003,303,43,42,0.98,57,0.928,0,0
2026-07-05,FAC-003,296,43,42,0.98,55,0.89,3,0
2026-07-06,FAC-003,366,43,42,0.98,55,0.899,0,0
2026-07-07,FAC-003,380,43,42,0.98,47,0.77,0,0
2026-07-08,FAC-003,354,43,42,0.98,59,0.961,0,0
2026-07-09,FAC-003,340,43,42,0.98,55,0.895,3,0
2026-07-10,FAC-003,374,43,42,0.98,46,0.754,0,0
2026-07-11,FAC-003,297,43,42,0.98,55,0.899,5,0
2026-07-12,FAC-003,278,43,42,0.98,60,0.975,0,0
2026-07-13,FAC-003,284,43,42,0.98,55,0.891,0,0
2026-07-14,FAC-003,371,43,42,0.98,53,0.859,0,0
2026-07-15,FAC-003,631,43,42,0.98,55,0.893,0,1
2026-07-16,FAC-003,344,43,42,0.98,54,0.881,0,0
2026-07-17,FAC-003,364,43,42,0.98,51,0.836,0,0
2026-07-18,FAC-003,293,43,42,0.98,55,0.902,2,0
2026-07-19,FAC-003,313,43,42,0.98,57,0.922,3,0
2026-07-20,FAC-003,323,43,42,0.98,58,0.952,0,0
2026-07-21,FAC-003,287,43,42,0.98,54,0.878,0,0
2026-07-22,FAC-003,355,43,42,0.98,55,0.897,0,0
2026-07-23,FAC-003,403,43,42,0.98,60,0.968,0,0
2026-07-24,FAC-003,337,43,42,0.98,62,1.0,0,0
2026-07-25,FAC-003,311,43,42,0.98,61,0.996,0,0
2026-07-26,FAC-003,321,43,42,0.98,56,0.918,0,0
2026-07-27,FAC-003,299,43,42,0.98,56,0.919,0,0
2026-07-28,FAC-003,330,43,42,0.98,55,0.899,0,0
2026-07-29,FAC-003,362,43,42,0.98,52,0.844,0,0
2026-07-30,FAC-003,388,43,42,0.98,58,0.94,0,0
2026-07-31,FAC-003,387,43,42,0.98,52,0.849,0,0
2026-08-01,FAC-003,291,43,42,0.98,56,0.912,3,0
2026-08-02,FAC-003,267,43,42,0.98,58,0.946,0,0
2026-08-03,FAC-003,338,43,42,0.98,56,0.915,0,0
2026-08-04,FAC-003,342,43,42,0.98,59,0.965,0,0
2026-08-05,FAC-003,369,43,42,0.98,61,0.993,0,0
2026-08-06,FAC-003,374,43,42,0.98,47,0.767,0,0
2026-08-07,FAC-003,382,43,42,0.98,56,0.919,0,0
2026-08-08,FAC-003,304,43,42,0.98,59,0.967,0,0
2026-08-09,FAC-003,311,43,42,0.98,56,0.914,0,0
2026-08-10,FAC-003,255,43,42,0.98,52,0.844,0,0
2026-08-11,FAC-003,383,43,42,0.98,54,0.873,0,0
2026-08-12,FAC-003,339,43,42,0.98,54,0.875,0,0
2026-08-13,FAC-003,309,43,42,0.98,55,0.902,0,0
2026-08-14,FAC-003,379,43,42,0.98,56,0.918,0,0
2026-08-15,FAC-003,314,43,42,0.98,55,0.899,0,0
2026-08-16,FAC-003,281,43,42,0.98,61,0.994,0,0
2026-08-17,FAC-003,322,43,42,0.98,59,0.964,0,0
2026-08-18,FAC-003,374,43,42,0.98,60,0.978,0,0
2026-08-19,FAC-003,325,43,42,0.98,52,0.847,0,0
2026-08-20,FAC-003,372,43,42,0.98,55,0.89,0,0
2026-08-21,FAC-003,368,43,42,0.98,52,0.846,0,0
2026-08-22,FAC-003,323,43,42,0.98,51,0.835,3,0
2026-08-23,FAC-003,266,43,42,0.98,58,0.951,0,0
2026-08-24,FAC-003,375,43,42,0.98,55,0.903,0,0
2026-08-25,FAC-003,365,43,42,0.98,62,1.0,0,0
2026-08-26,FAC-003,398,43,42,0.98,56,0.912,0,0
2026-08-27,FAC-003,340,43,42,0.98,53,0.859,0,0
2026-08-28,FAC-003,289,43,42,0.98,52,0.852,0,0
2026-08-29,FAC-003,302,43,42,0.98,53,0.871,0,0
2026-08-30,FAC-003,302,43,42,0.98,52,0.84,0,0
2026-08-31,FAC-003,350,43,42,0.98,52,0.843,3,0
2026-09-01,FAC-003,325,43,42,0.98,48,0.784,0,0
2026-09-02,FAC-003,339,43,42,0.98,56,0.91,0,0
2026-09-03,FAC-003,347,43,42,0.98,53,0.871,0,0
2026-09-04,FAC-003,297,43,42,0.98,59,0.964,0,0
2026-09-05,FAC-003,282,43,42,0.98,54,0.886,0,0
2026-09-06,FAC-003,308,43,42,0.98,60,0.97,0,0
2026-09-07,FAC-003,342,43,42,0.98,60,0.975,0,0
2026-09-08,FAC-003,365,43,42,0.98,57,0.927,0,0
2026-09-09,FAC-003,333,43,42,0.98,51,0.836,0,0
2026-09-10,FAC-003,362,43,42,0.98,52,0.851,0,0
2026-09-11,FAC-003,349,43,42,0.98,62,1.0,0,0
2026-09-12,FAC-003,325,43,42,0.98,56,0.914,1,0
2026-09-13,FAC-003,335,43,42,0.98,57,0.933,0,0
2026-09-14,FAC-003,347,43,42,0.98,57,0.924,0,0
2026-09-15,FAC-003,329,43,42,0.98,55,0.891,0,0
2026-09-16,FAC-003,351,43,42,0.98,52,0.849,0,0
2026-09-17,FAC-003,383,43,42,0.98,56,0.913,0,0
2026-09-18,FAC-003,356,43,42,0.98,55,0.899,0,0
2026-09-19,FAC-003,337,43,42,0.98,54,0.878,0,0
2026-09-20,FAC-003,340,43,42,0.98,57,0.921,3,0
2026-09-21,FAC-003,331,43,42,0.98,53,0.859,0,0
2026-09-22,FAC-003,357,43,42,0.98,57,0.922,0,0
2026-09-23,FAC-003,400,43,42,0.98,56,0.907,0,0
2026-09-24,FAC-003,319,43,42,0.98,60,0.976,0,0
2026-09-25,FAC-003,342,43,42,0.98,47,0.772,0,0
2026-09-26,FAC-003,282,43,42,0.98,50,0.819,0,0
2026-09-27,FAC-003,296,43,42,0.98,53,0.858,0,0
2026-04-01,FAC-004,158,339,192,0.569,82,0.904,0,0
2026-04-02,FAC-004,175,339,188,0.555,77,0.849,3,0
2026-04-03,FAC-004,155,339,182,0.54,80,0.88,0,0
2026-04-04,FAC-004,135,339,109,0.322,84,0.925,0,0
2026-04-05,FAC-004,162,339,133,0.392,82,0.901,3,0
2026-04-06,FAC-004,182,339,179,0.531,84,0.927,0,0
2026-04-07,FAC-004,150,339,161,0.477,80,0.889,0,0
2026-04-08,FAC-004,177,339,209,0.617,91,1.0,0,0
2026-04-09,FAC-004,172,339,180,0.533,82,0.912,0,0
2026-04-10,FAC-004,160,339,169,0.499,80,0.882,3,0
2026-04-11,FAC-004,141,339,176,0.521,76,0.84,0,0
2026-04-12,FAC-004,152,339,187,0.554,81,0.893,1,0
2026-04-13,FAC-004,136,339,119,0.353,88,0.978,0,0
2026-04-14,FAC-004,164,339,136,0.404,79,0.87,0,0
2026-04-15,FAC-004,176,339,190,0.563,80,0.886,0,0
2026-04-16,FAC-004,160,339,149,0.441,76,0.845,0,0
2026-04-17,FAC-004,186,339,177,0.523,88,0.973,0,0
2026-04-18,FAC-004,157,339,184,0.543,79,0.874,0,0
2026-04-19,FAC-004,145,339,144,0.426,76,0.846,0,0
2026-04-20,FAC-004,169,339,137,0.404,88,0.971,0,0
2026-04-21,FAC-004,159,339,164,0.485,83,0.917,0,0
2026-04-22,FAC-004,162,339,177,0.525,79,0.872,0,0
2026-04-23,FAC-004,177,339,140,0.414,82,0.908,0,0
2026-04-24,FAC-004,191,339,163,0.483,78,0.859,0,0
2026-04-25,FAC-004,146,339,150,0.445,83,0.921,0,0
2026-04-26,FAC-004,146,339,163,0.481,87,0.967,0,0
2026-04-27,FAC-004,171,339,164,0.485,85,0.94,0,0
2026-04-28,FAC-004,191,339,187,0.553,76,0.842,4,0
2026-04-29,FAC-004,180,339,176,0.521,70,0.77,3,0
2026-04-30,FAC-004,177,339,162,0.479,81,0.895,0,0
2026-05-01,FAC-004,170,339,175,0.517,85,0.943,0,0
2026-05-02,FAC-004,136,339,149,0.442,80,0.884,0,0
2026-05-03,FAC-004,149,339,165,0.489,76,0.844,0,0
2026-05-04,FAC-004,180,339,165,0.488,86,0.948,0,0
2026-05-05,FAC-004,171,339,220,0.651,80,0.887,0,0
2026-05-06,FAC-004,161,339,160,0.473,80,0.882,0,0
2026-05-07,FAC-004,177,339,133,0.393,76,0.837,1,0
2026-05-08,FAC-004,152,339,177,0.524,91,1.0,0,0
2026-05-09,FAC-004,140,339,135,0.399,82,0.904,0,0
2026-05-10,FAC-004,154,339,128,0.38,83,0.914,4,0
2026-05-11,FAC-004,179,339,192,0.568,82,0.911,0,0
2026-05-12,FAC-004,180,339,106,0.315,85,0.941,0,0
2026-05-13,FAC-004,158,339,108,0.32,84,0.931,0,0
2026-05-14,FAC-004,185,339,181,0.535,87,0.957,0,0
2026-05-15,FAC-004,188,339,223,0.66,90,0.998,0,0
2026-05-16,FAC-004,150,339,152,0.449,73,0.804,0,0
2026-05-17,FAC-004,139,339,116,0.343,91,1.0,0,0
2026-05-18,FAC-004,165,339,168,0.497,84,0.933,0,0
2026-05-19,FAC-004,168,339,213,0.631,78,0.863,0,0
2026-05-20,FAC-004,170,339,149,0.442,74,0.821,0,0
2026-05-21,FAC-004,159,339,157,0.466,79,0.874,0,0
2026-05-22,FAC-004,158,339,119,0.354,81,0.895,0,0
2026-05-23,FAC-004,125,339,145,0.43,82,0.905,0,0
2026-05-24,FAC-004,126,339,117,0.347,77,0.855,0,0
2026-05-25,FAC-004,172,339,208,0.615,71,0.787,0,0
2026-05-26,FAC-004,169,339,164,0.486,85,0.94,0,0
2026-05-27,FAC-004,170,339,149,0.441,80,0.881,0,0
2026-05-28,FAC-004,157,339,186,0.549,82,0.901,0,0
2026-05-29,FAC-004,193,339,191,0.564,78,0.857,0,0
2026-05-30,FAC-004,125,339,84,0.25,73,0.805,3,0
2026-05-31,FAC-004,146,339,159,0.471,73,0.805,0,0
2026-06-01,FAC-004,180,339,166,0.492,82,0.909,0,0
2026-06-02,FAC-004,190,339,214,0.632,80,0.884,0,0
2026-06-03,FAC-004,156,339,97,0.288,77,0.857,0,0
2026-06-04,FAC-004,165,339,138,0.408,81,0.892,0,0
2026-06-05,FAC-004,169,339,162,0.481,78,0.861,0,0
2026-06-06,FAC-004,145,339,156,0.463,75,0.835,0,0
2026-06-07,FAC-004,159,339,156,0.461,82,0.901,0,0
2026-06-08,FAC-004,178,339,184,0.544,87,0.957,0,0
2026-06-09,FAC-004,172,339,155,0.458,83,0.922,0,0
2026-06-10,FAC-004,153,339,155,0.46,81,0.898,0,0
2026-06-11,FAC-004,166,339,162,0.479,71,0.787,0,0
2026-06-12,FAC-004,161,339,163,0.482,82,0.91,0,0
2026-06-13,FAC-004,132,339,166,0.491,77,0.848,0,0
2026-06-14,FAC-004,155,339,166,0.491,78,0.861,0,0
2026-06-15,FAC-004,193,339,160,0.474,86,0.955,0,0
2026-06-16,FAC-004,183,339,164,0.486,89,0.984,0,0
2026-06-17,FAC-004,166,339,173,0.513,83,0.916,0,0
2026-06-18,FAC-004,167,339,188,0.557,86,0.948,0,0
2026-06-19,FAC-004,146,339,181,0.535,72,0.8,0,0
2026-06-20,FAC-004,156,339,186,0.55,75,0.835,0,0
2026-06-21,FAC-004,139,339,109,0.322,80,0.887,0,0
2026-06-22,FAC-004,165,339,186,0.549,89,0.979,0,0
2026-06-23,FAC-004,189,339,173,0.513,80,0.887,0,0
2026-06-24,FAC-004,147,339,125,0.369,87,0.958,0,0
2026-06-25,FAC-004,192,339,158,0.468,78,0.864,0,0
2026-06-26,FAC-004,169,339,176,0.521,77,0.851,0,0
2026-06-27,FAC-004,149,339,136,0.402,81,0.899,0,0
2026-06-28,FAC-004,151,339,151,0.446,79,0.874,0,0
2026-06-29,FAC-004,168,339,165,0.489,79,0.878,0,0
2026-06-30,FAC-004,167,339,210,0.621,84,0.934,0,0
2026-07-01,FAC-004,166,339,184,0.545,80,0.88,1,0
2026-07-02,FAC-004,186,339,196,0.578,81,0.894,0,0
2026-07-03,FAC-004,176,339,133,0.394,75,0.832,0,0
2026-07-04,FAC-004,131,339,134,0.398,91,1.0,0,0
2026-07-05,FAC-004,171,339,188,0.555,84,0.93,0,0
2026-07-06,FAC-004,146,339,131,0.387,77,0.853,0,0
2026-07-07,FAC-004,162,339,157,0.464,79,0.872,0,0
2026-07-08,FAC-004,144,339,164,0.485,76,0.836,0,0
2026-07-09,FAC-004,174,339,230,0.679,76,0.845,0,0
2026-07-10,FAC-004,136,339,128,0.378,87,0.966,0,0
2026-07-11,FAC-004,236,339,202,0.598,84,0.93,0,1
2026-07-12,FAC-004,140,339,137,0.405,91,1.0,0,0
2026-07-13,FAC-004,150,339,156,0.463,84,0.928,0,0
2026-07-14,FAC-004,186,339,188,0.557,83,0.918,0,0
2026-07-15,FAC-004,166,339,173,0.511,80,0.879,0,0
2026-07-16,FAC-004,180,339,169,0.501,83,0.923,4,0
2026-07-17,FAC-004,171,339,201,0.595,81,0.897,5,0
2026-07-18,FAC-004,125,339,159,0.47,76,0.846,0,0
2026-07-19,FAC-004,138,339,121,0.359,89,0.982,3,0
2026-07-20,FAC-004,142,339,227,0.67,87,0.963,0,0
2026-07-21,FAC-004,175,339,173,0.512,83,0.917,0,0
2026-07-22,FAC-004,179,339,196,0.58,84,0.933,5,0
2026-07-23,FAC-004,173,339,167,0.495,81,0.891,0,0
2026-07-24,FAC-004,169,339,199,0.589,85,0.936,4,0
2026-07-25,FAC-004,112,339,129,0.383,82,0.912,0,0
2026-07-26,FAC-004,146,339,135,0.4,88,0.967,0,0
2026-07-27,FAC-004,185,339,164,0.484,84,0.924,2,0
2026-07-28,FAC-004,159,339,121,0.359,78,0.862,0,0
2026-07-29,FAC-004,184,339,209,0.619,84,0.931,0,0
2026-07-30,FAC-004,182,339,195,0.578,78,0.862,5,0
2026-07-31,FAC-004,178,339,199,0.589,86,0.945,0,0
2026-08-01,FAC-004,160,339,179,0.529,83,0.921,0,0
2026-08-02,FAC-004,159,339,158,0.467,77,0.847,0,0
2026-08-03,FAC-004,170,339,149,0.442,78,0.859,0,0
2026-08-04,FAC-004,171,339,149,0.441,80,0.882,0,0
2026-08-05,FAC-004,146,339,151,0.448,81,0.9,0,0
2026-08-06,FAC-004,161,339,178,0.528,87,0.956,0,0
2026-08-07,FAC-004,151,339,130,0.384,77,0.854,0,0
2026-08-08,FAC-004,136,339,158,0.468,80,0.888,0,0
2026-08-09,FAC-004,144,339,89,0.264,85,0.938,2,0
2026-08-10,FAC-004,156,339,157,0.465,83,0.917,0,0
2026-08-11,FAC-004,192,339,156,0.462,65,0.719,0,0
2026-08-12,FAC-004,176,339,224,0.663,88,0.974,0,0
2026-08-13,FAC-004,176,339,162,0.48,86,0.948,0,0
2026-08-14,FAC-004,160,339,172,0.51,84,0.93,0,0
2026-08-15,FAC-004,160,339,234,0.693,84,0.924,0,0
2026-08-16,FAC-004,141,339,140,0.414,72,0.794,0,0
2026-08-17,FAC-004,164,339,152,0.451,79,0.869,0,0
2026-08-18,FAC-004,176,339,153,0.453,88,0.967,0,0
2026-08-19,FAC-004,174,339,173,0.513,80,0.88,0,0
2026-08-20,FAC-004,176,339,198,0.585,77,0.848,0,0
2026-08-21,FAC-004,165,339,156,0.462,74,0.819,0,0
2026-08-22,FAC-004,138,339,125,0.369,86,0.952,0,0
2026-08-23,FAC-004,151,339,156,0.461,86,0.951,0,0
2026-08-24,FAC-004,172,339,182,0.539,81,0.894,0,0
2026-08-25,FAC-004,178,339,162,0.478,68,0.754,0,0
2026-08-26,FAC-004,172,339,210,0.621,86,0.956,0,0
2026-08-27,FAC-004,188,339,221,0.653,82,0.905,0,0
2026-08-28,FAC-004,177,339,160,0.473,80,0.881,0,0
2026-08-29,FAC-004,156,339,188,0.556,81,0.892,0,0
2026-08-30,FAC-004,143,339,143,0.422,85,0.936,0,0
2026-08-31,FAC-004,154,339,91,0.271,78,0.867,0,0
2026-09-01,FAC-004,158,339,144,0.425,81,0.891,0,0
2026-09-02,FAC-004,168,339,207,0.612,83,0.92,0,0
2026-09-03,FAC-004,179,339,195,0.578,75,0.832,0,0
2026-09-04,FAC-004,189,339,186,0.551,85,0.94,2,0
2026-09-05,FAC-004,136,339,93,0.277,86,0.949,0,0
2026-09-06,FAC-004,153,339,128,0.379,77,0.848,0,0
2026-09-07,FAC-004,191,339,158,0.468,90,0.999,0,0
2026-09-08,FAC-004,163,339,180,0.532,80,0.88,0,0
2026-09-09,FAC-004,184,339,169,0.499,81,0.89,0,0
2026-09-10,FAC-004,176,339,148,0.439,85,0.944,0,0
2026-09-11,FAC-004,168,339,161,0.477,76,0.84,0,0
2026-09-12,FAC-004,118,339,112,0.333,91,1.0,0,0
2026-09-13,FAC-004,159,339,158,0.467,80,0.884,0,0
2026-09-14,FAC-004,176,339,190,0.563,75,0.829,0,0
2026-09-15,FAC-004,191,339,210,0.621,85,0.943,0,0
2026-09-16,FAC-004,182,339,182,0.538,85,0.94,0,0
2026-09-17,FAC-004,184,339,174,0.514,78,0.866,0,0
2026-09-18,FAC-004,177,339,219,0.646,75,0.826,0,0
2026-09-19,FAC-004,132,339,136,0.403,82,0.903,0,0
2026-09-20,FAC-004,152,339,158,0.468,80,0.887,5,0
2026-09-21,FAC-004,197,339,153,0.453,77,0.85,0,0
2026-09-22,FAC-004,175,339,130,0.385,80,0.889,0,0
2026-09-23,FAC-004,200,339,200,0.592,83,0.914,0,0
2026-09-24,FAC-004,159,339,142,0.42,79,0.877,0,0
2026-09-25,FAC-004,172,339,206,0.61,84,0.933,0,0
2026-09-26,FAC-004,137,339,143,0.424,84,0.93,0,0
2026-09-27,FAC-004,164,339,206,0.61,76,0.839,0,0
2026-04-01,FAC-005,125,172,131,0.764,63,0.959,0,0
2026-04-02,FAC-005,127,172,122,0.713,60,0.909,0,0
2026-04-03,FAC-005,119,172,147,0.859,53,0.804,0,0
2026-04-04,FAC-005,110,172,137,0.801,59,0.9,0,0
2026-04-05,FAC-005,107,172,102,0.593,58,0.889,0,0
2026-04-06,FAC-005,142,172,111,0.649,65,0.992,0,0
2026-04-07,FAC-005,113,172,109,0.636,57,0.874,4,0
2026-04-08,FAC-005,134,172,112,0.651,61,0.928,0,0
2026-04-09,FAC-005,149,172,130,0.757,60,0.911,0,0
2026-04-10,FAC-005,121,172,126,0.738,59,0.901,0,0
2026-04-11,FAC-005,103,172,109,0.638,66,1.0,0,0
2026-04-12,FAC-005,107,172,116,0.68,54,0.822,1,0
2026-04-13,FAC-005,118,172,124,0.724,65,0.989,0,0
2026-04-14,FAC-005,132,172,127,0.742,59,0.9,0,0
2026-04-15,FAC-005,115,172,123,0.717,62,0.953,0,0
2026-04-16,FAC-005,124,172,117,0.683,60,0.916,0,0
2026-04-17,FAC-005,124,172,123,0.716,66,1.0,0,0
2026-04-18,FAC-005,107,172,102,0.593,56,0.861,0,0
2026-04-19,FAC-005,116,172,113,0.66,56,0.861,0,0
2026-04-20,FAC-005,142,172,161,0.939,57,0.864,0,0
2026-04-21,FAC-005,109,172,122,0.714,56,0.859,0,0
2026-04-22,FAC-005,137,172,109,0.639,62,0.954,0,0
2026-04-23,FAC-005,116,172,126,0.733,59,0.901,0,0
2026-04-24,FAC-005,119,172,113,0.659,62,0.941,1,0
2026-04-25,FAC-005,110,172,118,0.686,66,1.0,0,0
2026-04-26,FAC-005,96,172,118,0.688,59,0.906,0,0
2026-04-27,FAC-005,120,172,101,0.591,58,0.889,0,0
2026-04-28,FAC-005,139,172,137,0.798,65,0.991,5,0
2026-04-29,FAC-005,114,172,113,0.662,54,0.825,0,0
2026-04-30,FAC-005,133,172,145,0.844,57,0.875,0,0
2026-05-01,FAC-005,102,172,104,0.609,61,0.926,0,0
2026-05-02,FAC-005,113,172,130,0.756,55,0.836,4,0
2026-05-03,FAC-005,116,172,132,0.77,52,0.793,0,0
2026-05-04,FAC-005,133,172,126,0.733,59,0.895,0,0
2026-05-05,FAC-005,133,172,126,0.734,56,0.859,0,0
2026-05-06,FAC-005,130,172,115,0.669,55,0.835,0,0
2026-05-07,FAC-005,137,172,121,0.705,62,0.94,0,0
2026-05-08,FAC-005,134,172,110,0.641,56,0.859,0,0
2026-05-09,FAC-005,121,172,107,0.625,57,0.872,0,0
2026-05-10,FAC-005,114,172,124,0.725,58,0.885,0,0
2026-05-11,FAC-005,124,172,143,0.835,66,1.0,0,0
2026-05-12,FAC-005,140,172,141,0.821,56,0.852,0,0
2026-05-13,FAC-005,121,172,128,0.745,61,0.925,0,0
2026-05-14,FAC-005,145,172,153,0.895,53,0.81,0,0
2026-05-15,FAC-005,141,172,127,0.74,57,0.877,0,0
2026-05-16,FAC-005,113,172,140,0.817,66,1.0,0,0
2026-05-17,FAC-005,116,172,113,0.66,61,0.932,0,0
2026-05-18,FAC-005,139,172,134,0.782,66,1.0,0,0
2026-05-19,FAC-005,133,172,139,0.813,62,0.94,0,0
2026-05-20,FAC-005,135,172,146,0.852,56,0.863,0,0
2026-05-21,FAC-005,125,172,109,0.639,61,0.926,0,0
2026-05-22,FAC-005,139,172,145,0.845,66,1.0,0,0
2026-05-23,FAC-005,111,172,120,0.699,55,0.834,0,0
2026-05-24,FAC-005,144,172,153,0.893,62,0.951,0,1
2026-05-25,FAC-005,127,172,126,0.733,53,0.809,0,0
2026-05-26,FAC-005,127,172,139,0.81,61,0.935,1,0
2026-05-27,FAC-005,136,172,136,0.795,59,0.9,0,0
2026-05-28,FAC-005,124,172,133,0.777,61,0.925,5,0
2026-05-29,FAC-005,136,172,128,0.749,50,0.771,0,0
2026-05-30,FAC-005,121,172,114,0.665,55,0.848,0,0
2026-05-31,FAC-005,117,172,111,0.649,63,0.964,0,0
2026-06-01,FAC-005,137,172,146,0.851,53,0.818,0,0
2026-06-02,FAC-005,144,172,147,0.858,57,0.878,0,0
2026-06-03,FAC-005,133,172,108,0.631,61,0.925,0,0
2026-06-04,FAC-005,120,172,101,0.589,53,0.809,0,0
2026-06-05,FAC-005,143,172,134,0.781,65,0.992,3,0
2026-06-06,FAC-005,107,172,83,0.486,54,0.833,0,0
2026-06-07,FAC-005,123,172,120,0.703,57,0.867,0,0
2026-06-08,FAC-005,133,172,139,0.813,63,0.967,0,0
2026-06-09,FAC-005,147,172,142,0.826,54,0.82,0,0
2026-06-10,FAC-005,127,172,130,0.759,55,0.842,0,0
2026-06-11,FAC-005,121,172,125,0.731,59,0.897,0,0
2026-06-12,FAC-005,132,172,121,0.707,58,0.886,0,0
2026-06-13,FAC-005,104,172,116,0.676,63,0.962,0,0
2026-06-14,FAC-005,139,172,126,0.734,53,0.81,0,1
2026-06-15,FAC-005,125,172,123,0.72,53,0.813,0,0
2026-06-16,FAC-005,122,172,108,0.629,60,0.912,0,0
2026-06-17,FAC-005,133,172,123,0.716,60,0.911,0,0
2026-06-18,FAC-005,126,172,122,0.711,66,1.0,0,0
2026-06-19,FAC-005,146,172,128,0.745,62,0.95,0,0
2026-06-20,FAC-005,119,172,103,0.6,62,0.949,4,0
2026-06-21,FAC-005,126,172,110,0.643,55,0.845,0,0
2026-06-22,FAC-005,143,172,146,0.853,61,0.933,0,0
2026-06-23,FAC-005,136,172,141,0.822,54,0.82,0,0
2026-06-24,FAC-005,143,172,159,0.925,58,0.886,0,0
2026-06-25,FAC-005,132,172,110,0.645,61,0.931,3,0
2026-06-26,FAC-005,138,172,137,0.797,63,0.967,0,0
2026-06-27,FAC-005,109,172,116,0.679,55,0.839,0,0
2026-06-28,FAC-005,112,172,109,0.637,60,0.914,0,0
2026-06-29,FAC-005,129,172,127,0.739,62,0.95,0,0
2026-06-30,FAC-005,128,172,105,0.616,66,1.0,0,0
2026-07-01,FAC-005,147,172,129,0.751,62,0.941,0,0
2026-07-02,FAC-005,127,172,130,0.759,60,0.918,0,0
2026-07-03,FAC-005,130,172,119,0.693,56,0.859,0,0
2026-07-04,FAC-005,105,172,93,0.544,59,0.896,0,0
2026-07-05,FAC-005,106,172,115,0.671,65,0.989,0,0
2026-07-06,FAC-005,127,172,130,0.758,61,0.93,0,0
2026-07-07,FAC-005,138,172,139,0.808,62,0.945,0,0
2026-07-08,FAC-005,138,172,120,0.703,62,0.952,0,0
2026-07-09,FAC-005,143,172,132,0.77,59,0.902,0,0
2026-07-10,FAC-005,140,172,137,0.797,63,0.964,0,0
2026-07-11,FAC-005,135,172,124,0.722,53,0.817,0,0
2026-07-12,FAC-005,116,172,125,0.732,58,0.886,0,0
2026-07-13,FAC-005,149,172,130,0.759,62,0.942,0,0
2026-07-14,FAC-005,127,172,150,0.876,66,1.0,0,0
2026-07-15,FAC-005,125,172,117,0.683,62,0.952,0,0
2026-07-16,FAC-005,129,172,128,0.746,59,0.902,0,0
2026-07-17,FAC-005,113,172,112,0.656,56,0.859,0,0
2026-07-18,FAC-005,109,172,128,0.749,54,0.825,1,0
2026-07-19,FAC-005,121,172,117,0.681,58,0.883,0,0
2026-07-20,FAC-005,142,172,146,0.853,61,0.934,0,0
2026-07-21,FAC-005,144,172,139,0.811,56,0.863,0,0
2026-07-22,FAC-005,122,172,110,0.643,66,1.0,0,0
2026-07-23,FAC-005,147,172,128,0.747,54,0.821,0,0
2026-07-24,FAC-005,139,172,146,0.852,61,0.933,0,0
2026-07-25,FAC-005,112,172,110,0.641,60,0.92,0,0
2026-07-26,FAC-005,115,172,84,0.491,58,0.886,4,0
2026-07-27,FAC-005,125,172,127,0.741,66,1.0,0,0
2026-07-28,FAC-005,138,172,133,0.777,63,0.955,0,0
2026-07-29,FAC-005,139,172,144,0.842,61,0.936,0,0
2026-07-30,FAC-005,157,172,141,0.822,61,0.928,0,0
2026-07-31,FAC-005,124,172,131,0.765,55,0.845,0,0
2026-08-01,FAC-005,110,172,105,0.616,63,0.959,0,0
2026-08-02,FAC-005,123,172,105,0.615,59,0.903,0,0
2026-08-03,FAC-005,127,172,109,0.638,58,0.887,0,0
2026-08-04,FAC-005,131,172,164,0.956,61,0.926,0,0
2026-08-05,FAC-005,120,172,112,0.652,63,0.961,0,0
2026-08-06,FAC-005,157,172,135,0.786,51,0.787,0,0
2026-08-07,FAC-005,155,172,160,0.932,55,0.848,0,0
2026-08-08,FAC-005,119,172,82,0.481,59,0.9,4,0
2026-08-09,FAC-005,118,172,130,0.76,55,0.839,0,0
2026-08-10,FAC-005,136,172,123,0.717,60,0.915,0,0
2026-08-11,FAC-005,125,172,119,0.694,55,0.84,3,0
2026-08-12,FAC-005,142,172,153,0.894,58,0.886,0,0
2026-08-13,FAC-005,136,172,116,0.675,58,0.882,0,0
2026-08-14,FAC-005,135,172,168,0.98,54,0.833,0,0
2026-08-15,FAC-005,128,172,141,0.824,60,0.917,0,0
2026-08-16,FAC-005,131,172,136,0.791,60,0.923,0,0
2026-08-17,FAC-005,135,172,151,0.883,63,0.966,0,0
2026-08-18,FAC-005,129,172,110,0.644,58,0.888,0,0
2026-08-19,FAC-005,127,172,126,0.733,64,0.974,0,0
2026-08-20,FAC-005,131,172,130,0.758,59,0.903,0,0
2026-08-21,FAC-005,145,172,114,0.663,56,0.864,0,0
2026-08-22,FAC-005,117,172,133,0.776,57,0.87,0,0
2026-08-23,FAC-005,98,172,106,0.619,56,0.862,0,0
2026-08-24,FAC-005,123,172,114,0.665,58,0.889,0,0
2026-08-25,FAC-005,129,172,98,0.574,62,0.954,0,0
2026-08-26,FAC-005,150,172,158,0.924,54,0.832,0,0
2026-08-27,FAC-005,134,172,133,0.779,61,0.936,0,0
2026-08-28,FAC-005,143,172,132,0.773,59,0.905,0,0
2026-08-29,FAC-005,120,172,140,0.814,62,0.942,0,0
2026-08-30,FAC-005,123,172,124,0.722,64,0.985,3,0
2026-08-31,FAC-005,141,172,129,0.751,64,0.984,1,0
2026-09-01,FAC-005,144,172,137,0.802,57,0.871,0,0
2026-09-02,FAC-005,140,172,146,0.851,60,0.912,0,0
2026-09-03,FAC-005,140,172,163,0.95,63,0.964,0,0
2026-09-04,FAC-005,138,172,150,0.878,55,0.838,0,0
2026-09-05,FAC-005,120,172,144,0.842,58,0.887,0,0
2026-09-06,FAC-005,108,172,99,0.576,55,0.835,0,0
2026-09-07,FAC-005,128,172,122,0.715,53,0.816,0,0
2026-09-08,FAC-005,137,172,149,0.869,55,0.846,0,0
2026-09-09,FAC-005,153,172,160,0.93,63,0.962,0,0
2026-09-10,FAC-005,129,172,140,0.818,55,0.834,0,0
2026-09-11,FAC-005,147,172,149,0.868,61,0.933,0,0
2026-09-12,FAC-005,105,172,92,0.539,61,0.936,0,0
2026-09-13,FAC-005,107,172,113,0.659,53,0.818,0,0
2026-09-14,FAC-005,146,172,129,0.75,61,0.933,0,0
2026-09-15,FAC-005,144,172,134,0.781,61,0.935,0,0
2026-09-16,FAC-005,140,172,132,0.771,55,0.839,0,0
2026-09-17,FAC-005,116,172,120,0.702,53,0.806,0,0
2026-09-18,FAC-005,138,172,134,0.781,62,0.941,0,0
2026-09-19,FAC-005,114,172,109,0.636,62,0.944,0,0
2026-09-20,FAC-005,120,172,124,0.723,61,0.928,0,0
2026-09-21,FAC-005,120,172,130,0.758,61,0.937,0,0
2026-09-22,FAC-005,126,172,122,0.713,59,0.898,0,0
2026-09-23,FAC-005,136,172,140,0.817,65,0.986,0,0
2026-09-24,FAC-005,149,172,130,0.761,61,0.937,0,0
2026-09-25,FAC-005,152,172,157,0.915,63,0.965,3,0
2026-09-26,FAC-005,136,172,150,0.873,60,0.915,0,0
2026-09-27,FAC-005,127,172,128,0.75,59,0.901,3,0
2026-04-01,FAC-006,91,54,52,0.98,61,0.999,0,0
2026-04-02,FAC-006,112,54,52,0.98,59,0.957,0,0
2026-04-03,FAC-006,108,54,52,0.98,53,0.869,0,0
2026-04-04,FAC-006,98,54,52,0.98,44,0.724,0,0
2026-04-05,FAC-006,82,54,52,0.98,55,0.9,0,0
2026-04-06,FAC-006,103,54,52,0.98,54,0.879,0,0
2026-04-07,FAC-006,94,54,52,0.98,56,0.911,0,0
2026-04-08,FAC-006,98,54,52,0.98,53,0.855,0,0
2026-04-09,FAC-006,104,54,52,0.98,50,0.82,0,0
2026-04-10,FAC-006,95,54,52,0.98,53,0.868,0,0
2026-04-11,FAC-006,87,54,52,0.98,56,0.91,0,0
2026-04-12,FAC-006,81,54,52,0.98,48,0.777,0,0
2026-04-13,FAC-006,103,54,52,0.98,57,0.926,0,0
2026-04-14,FAC-006,99,54,52,0.98,59,0.958,0,0
2026-04-15,FAC-006,102,54,52,0.98,56,0.91,0,0
2026-04-16,FAC-006,96,54,52,0.98,52,0.85,0,0
2026-04-17,FAC-006,95,54,52,0.98,56,0.91,0,0
2026-04-18,FAC-006,83,54,52,0.98,58,0.938,0,0
2026-04-19,FAC-006,89,54,52,0.98,57,0.927,0,0
2026-04-20,FAC-006,98,54,52,0.98,61,0.99,0,0
2026-04-21,FAC-006,100,54,52,0.98,54,0.885,0,0
2026-04-22,FAC-006,96,54,52,0.98,52,0.839,0,0
2026-04-23,FAC-006,111,54,52,0.98,54,0.879,0,0
2026-04-24,FAC-006,92,54,52,0.98,51,0.825,0,0
2026-04-25,FAC-006,89,54,52,0.98,57,0.93,0,0
2026-04-26,FAC-006,71,54,52,0.98,60,0.982,0,0
2026-04-27,FAC-006,98,54,52,0.98,55,0.893,0,0
2026-04-28,FAC-006,93,54,52,0.98,55,0.901,0,0
2026-04-29,FAC-006,103,54,52,0.98,54,0.873,0,0
2026-04-30,FAC-006,107,54,52,0.98,52,0.84,0,0
2026-05-01,FAC-006,100,54,52,0.98,53,0.871,0,0
2026-05-02,FAC-006,82,54,52,0.98,58,0.951,0,0
2026-05-03,FAC-006,77,54,52,0.98,61,0.991,0,0
2026-05-04,FAC-006,98,54,52,0.98,51,0.832,0,0
2026-05-05,FAC-006,98,54,52,0.98,55,0.898,0,0
2026-05-06,FAC-006,101,54,52,0.98,59,0.959,0,0
2026-05-07,FAC-006,90,54,52,0.98,58,0.938,0,0
2026-05-08,FAC-006,83,54,52,0.98,51,0.838,0,0
2026-05-09,FAC-006,84,54,52,0.98,62,1.0,3,0
2026-05-10,FAC-006,82,54,52,0.98,57,0.935,0,0
2026-05-11,FAC-006,93,54,52,0.98,54,0.882,0,0
2026-05-12,FAC-006,101,54,52,0.98,62,1.0,0,0
2026-05-13,FAC-006,107,54,52,0.98,62,1.0,0,0
2026-05-14,FAC-006,100,54,52,0.98,55,0.902,0,0
2026-05-15,FAC-006,103,54,52,0.98,56,0.906,0,0
2026-05-16,FAC-006,86,54,52,0.98,54,0.876,0,0
2026-05-17,FAC-006,83,54,52,0.98,55,0.898,0,0
2026-05-18,FAC-006,109,54,52,0.98,55,0.888,0,0
2026-05-19,FAC-006,111,54,52,0.98,48,0.777,0,0
2026-05-20,FAC-006,107,54,52,0.98,58,0.948,0,0
2026-05-21,FAC-006,110,54,52,0.98,48,0.789,0,0
2026-05-22,FAC-006,106,54,52,0.98,49,0.8,0,0
2026-05-23,FAC-006,102,54,52,0.98,58,0.94,0,0
2026-05-24,FAC-006,94,54,52,0.98,56,0.908,0,0
2026-05-25,FAC-006,89,54,52,0.98,57,0.923,0,0
2026-05-26,FAC-006,87,54,52,0.98,52,0.844,0,0
2026-05-27,FAC-006,101,54,52,0.98,58,0.945,0,0
2026-05-28,FAC-006,108,54,52,0.98,58,0.936,0,0
2026-05-29,FAC-006,203,54,52,0.98,55,0.89,0,1
2026-05-30,FAC-006,89,54,52,0.98,62,1.0,0,0
2026-05-31,FAC-006,93,54,52,0.98,56,0.908,0,0
2026-06-01,FAC-006,97,54,52,0.98,51,0.832,0,0
2026-06-02,FAC-006,113,54,52,0.98,56,0.918,0,0
2026-06-03,FAC-006,93,54,52,0.98,54,0.873,0,0
2026-06-04,FAC-006,106,54,52,0.98,53,0.861,0,0
2026-06-05,FAC-006,91,54,52,0.98,55,0.888,0,0
2026-06-06,FAC-006,87,54,52,0.98,51,0.825,0,0
2026-06-07,FAC-006,88,54,52,0.98,53,0.861,0,0
2026-06-08,FAC-006,91,54,52,0.98,59,0.968,0,0
2026-06-09,FAC-006,102,54,52,0.98,51,0.837,0,0
2026-06-10,FAC-006,97,54,52,0.98,54,0.885,0,0
2026-06-11,FAC-006,97,54,52,0.98,53,0.861,0,0
2026-06-12,FAC-006,91,54,52,0.98,56,0.907,0,0
2026-06-13,FAC-006,83,54,52,0.98,59,0.965,0,0
2026-06-14,FAC-006,81,54,52,0.98,60,0.983,0,0
2026-06-15,FAC-006,114,54,52,0.98,56,0.906,0,0
2026-06-16,FAC-006,99,54,52,0.98,62,1.0,0,0
2026-06-17,FAC-006,97,54,52,0.98,57,0.935,0,0
2026-06-18,FAC-006,112,54,52,0.98,53,0.858,0,0
2026-06-19,FAC-006,97,54,52,0.98,54,0.873,0,0
2026-06-20,FAC-006,88,54,52,0.98,55,0.895,0,0
2026-06-21,FAC-006,91,54,52,0.98,54,0.874,0,0
2026-06-22,FAC-006,108,54,52,0.98,52,0.847,0,0
2026-06-23,FAC-006,91,54,52,0.98,55,0.894,1,0
2026-06-24,FAC-006,90,54,52,0.98,53,0.867,1,0
2026-06-25,FAC-006,94,54,52,0.98,61,0.989,0,0
2026-06-26,FAC-006,98,54,52,0.98,58,0.944,0,0
2026-06-27,FAC-006,89,54,52,0.98,53,0.858,5,0
2026-06-28,FAC-006,79,54,52,0.98,55,0.891,5,0
2026-06-29,FAC-006,94,54,52,0.98,56,0.905,0,0
2026-06-30,FAC-006,172,54,52,0.98,54,0.875,0,1
2026-07-01,FAC-006,174,54,52,0.98,55,0.898,0,1
2026-07-02,FAC-006,104,54,52,0.98,57,0.925,0,0
2026-07-03,FAC-006,96,54,52,0.98,62,1.0,0,0
2026-07-04,FAC-006,75,54,52,0.98,55,0.903,0,0
2026-07-05,FAC-006,85,54,52,0.98,56,0.913,0,0
2026-07-06,FAC-006,113,54,52,0.98,58,0.949,0,0
2026-07-07,FAC-006,96,54,52,0.98,54,0.885,0,0
2026-07-08,FAC-006,90,54,52,0.98,56,0.911,4,0
2026-07-09,FAC-006,104,54,52,0.98,61,0.991,0,0
2026-07-10,FAC-006,99,54,52,0.98,56,0.918,0,0
2026-07-11,FAC-006,89,54,52,0.98,61,0.995,0,0
2026-07-12,FAC-006,83,54,52,0.98,53,0.858,0,0
2026-07-13,FAC-006,108,54,52,0.98,54,0.872,0,0
2026-07-14,FAC-006,93,54,52,0.98,58,0.939,0,0
2026-07-15,FAC-006,105,54,52,0.98,56,0.909,0,0
2026-07-16,FAC-006,103,54,52,0.98,51,0.829,0,0
2026-07-17,FAC-006,104,54,52,0.98,59,0.962,0,0
2026-07-18,FAC-006,88,54,52,0.98,54,0.882,0,0
2026-07-19,FAC-006,85,54,52,0.98,57,0.926,0,0
2026-07-20,FAC-006,96,54,52,0.98,53,0.868,0,0
2026-07-21,FAC-006,104,54,52,0.98,50,0.814,0,0
2026-07-22,FAC-006,101,54,52,0.98,58,0.946,0,0
2026-07-23,FAC-006,92,54,52,0.98,59,0.965,0,0
2026-07-24,FAC-006,97,54,52,0.98,61,0.993,0,0
2026-07-25,FAC-006,88,54,52,0.98,55,0.889,0,0
2026-07-26,FAC-006,110,54,52,0.98,57,0.925,0,1
2026-07-27,FAC-006,104,54,52,0.98,54,0.882,0,0
2026-07-28,FAC-006,110,54,52,0.98,55,0.896,0,0
2026-07-29,FAC-006,107,54,52,0.98,61,0.999,0,0
2026-07-30,FAC-006,88,54,52,0.98,53,0.858,0,0
2026-07-31,FAC-006,95,54,52,0.98,56,0.903,0,0
2026-08-01,FAC-006,88,54,52,0.98,53,0.868,0,0
2026-08-02,FAC-006,89,54,52,0.98,51,0.833,3,0
2026-08-03,FAC-006,84,54,52,0.98,51,0.831,0,0
2026-08-04,FAC-006,95,54,52,0.98,53,0.864,0,0
2026-08-05,FAC-006,93,54,52,0.98,56,0.918,0,0
2026-08-06,FAC-006,109,54,52,0.98,54,0.884,0,0
2026-08-07,FAC-006,103,54,52,0.98,49,0.806,0,0
2026-08-08,FAC-006,85,54,52,0.98,57,0.922,0,0
2026-08-09,FAC-006,87,54,52,0.98,56,0.909,0,0
2026-08-10,FAC-006,111,54,52,0.98,58,0.95,0,0
2026-08-11,FAC-006,94,54,52,0.98,53,0.857,0,0
2026-08-12,FAC-006,98,54,52,0.98,56,0.918,0,0
2026-08-13,FAC-006,94,54,52,0.98,61,0.989,0,0
2026-08-14,FAC-006,91,54,52,0.98,54,0.885,0,0
2026-08-15,FAC-006,71,54,52,0.98,52,0.842,0,0
2026-08-16,FAC-006,83,54,52,0.98,45,0.738,0,0
2026-08-17,FAC-006,152,54,52,0.98,60,0.983,0,1
2026-08-18,FAC-006,101,54,52,0.98,59,0.967,0,0
2026-08-19,FAC-006,113,54,52,0.98,53,0.865,0,0
2026-08-20,FAC-006,102,54,52,0.98,53,0.869,0,0
2026-08-21,FAC-006,103,54,52,0.98,52,0.846,0,0
2026-08-22,FAC-006,81,54,52,0.98,55,0.898,0,0
2026-08-23,FAC-006,91,54,52,0.98,51,0.834,0,0
2026-08-24,FAC-006,97,54,52,0.98,61,0.985,0,0
2026-08-25,FAC-006,103,54,52,0.98,56,0.903,0,0
2026-08-26,FAC-006,98,54,52,0.98,57,0.925,0,0
2026-08-27,FAC-006,104,54,52,0.98,51,0.83,0,0
2026-08-28,FAC-006,101,54,52,0.98,51,0.836,0,0
2026-08-29,FAC-006,86,54,52,0.98,56,0.909,0,0
2026-08-30,FAC-006,85,54,52,0.98,52,0.842,0,0
2026-08-31,FAC-006,114,54,52,0.98,57,0.922,0,0
2026-09-01,FAC-006,109,54,52,0.98,62,1.0,0,0
2026-09-02,FAC-006,108,54,52,0.98,53,0.861,0,0
2026-09-03,FAC-006,99,54,52,0.98,54,0.884,0,0
2026-09-04,FAC-006,118,54,52,0.98,51,0.837,0,0
2026-09-05,FAC-006,76,54,52,0.98,55,0.895,0,0
2026-09-06,FAC-006,91,54,52,0.98,59,0.965,0,0
2026-09-07,FAC-006,100,54,52,0.98,51,0.826,0,0
2026-09-08,FAC-006,98,54,52,0.98,56,0.918,0,0
2026-09-09,FAC-006,98,54,52,0.98,57,0.922,0,0
2026-09-10,FAC-006,106,54,52,0.98,57,0.928,0,0
2026-09-11,FAC-006,122,54,52,0.98,44,0.723,0,0
2026-09-12,FAC-006,98,54,52,0.98,62,1.0,0,0
2026-09-13,FAC-006,90,54,52,0.98,48,0.776,0,0
2026-09-14,FAC-006,118,54,52,0.98,62,1.0,0,0
2026-09-15,FAC-006,105,54,52,0.98,54,0.877,0,0
2026-09-16,FAC-006,99,54,52,0.98,56,0.913,0,0
2026-09-17,FAC-006,98,54,52,0.98,56,0.91,0,0
2026-09-18,FAC-006,98,54,52,0.98,57,0.933,0,0
2026-09-19,FAC-006,81,54,52,0.98,58,0.938,0,0
2026-09-20,FAC-006,91,54,52,0.98,55,0.892,0,0
2026-09-21,FAC-006,103,54,52,0.98,55,0.897,0,0
2026-09-22,FAC-006,115,54,52,0.98,51,0.825,0,0
2026-09-23,FAC-006,112,54,52,0.98,58,0.937,0,0
2026-09-24,FAC-006,108,54,52,0.98,57,0.922,0,0
2026-09-25,FAC-006,95,54,52,0.98,54,0.886,0,0
2026-09-26,FAC-006,90,54,52,0.98,57,0.926,0,0
2026-09-27,FAC-006,92,54,52,0.98,55,0.894,5,0
2026-04-01,FAC-007,194,26,25,0.98,50,0.913,0,0
2026-04-02,FAC-007,204,26,25,0.98,55,1.0,0,0
2026-04-03,FAC-007,190,26,25,0.98,50,0.912,0,0
2026-04-04,FAC-007,161,26,25,0.98,48,0.886,0,0
2026-04-05,FAC-007,158,26,25,0.98,46,0.84,0,0
2026-04-06,FAC-007,220,26,25,0.98,50,0.915,0,0
2026-04-07,FAC-007,205,26,25,0.98,53,0.971,0,0
2026-04-08,FAC-007,222,26,25,0.98,50,0.915,0,0
2026-04-09,FAC-007,214,26,25,0.98,53,0.973,0,0
2026-04-10,FAC-007,232,26,25,0.98,45,0.825,0,0
2026-04-11,FAC-007,146,26,25,0.98,46,0.854,0,0
2026-04-12,FAC-007,177,26,25,0.98,47,0.861,3,0
2026-04-13,FAC-007,197,26,25,0.98,45,0.822,0,0
2026-04-14,FAC-007,191,26,25,0.98,48,0.882,0,0
2026-04-15,FAC-007,214,26,25,0.98,49,0.906,0,0
2026-04-16,FAC-007,190,26,25,0.98,44,0.805,0,0
2026-04-17,FAC-007,181,26,25,0.98,48,0.883,0,0
2026-04-18,FAC-007,165,26,25,0.98,50,0.916,0,0
2026-04-19,FAC-007,188,26,25,0.98,47,0.866,0,0
2026-04-20,FAC-007,221,26,25,0.98,44,0.802,0,0
2026-04-21,FAC-007,224,26,25,0.98,46,0.852,0,0
2026-04-22,FAC-007,198,26,25,0.98,50,0.92,0,0
2026-04-23,FAC-007,233,26,25,0.98,52,0.962,0,0
2026-04-24,FAC-007,218,26,25,0.98,53,0.965,0,0
2026-04-25,FAC-007,184,26,25,0.98,47,0.872,1,0
2026-04-26,FAC-007,150,26,25,0.98,50,0.921,0,0
2026-04-27,FAC-007,200,26,25,0.98,55,1.0,0,0
2026-04-28,FAC-007,194,26,25,0.98,49,0.905,0,0
2026-04-29,FAC-007,224,26,25,0.98,51,0.939,0,0
2026-04-30,FAC-007,184,26,25,0.98,49,0.899,0,0
2026-05-01,FAC-007,191,26,25,0.98,52,0.95,0,0
2026-05-02,FAC-007,178,26,25,0.98,53,0.977,0,0
2026-05-03,FAC-007,163,26,25,0.98,47,0.869,0,0
2026-05-04,FAC-007,241,26,25,0.98,46,0.845,5,0
2026-05-05,FAC-007,172,26,25,0.98,48,0.878,0,0
2026-05-06,FAC-007,203,26,25,0.98,52,0.961,2,0
2026-05-07,FAC-007,226,26,25,0.98,54,0.986,0,0
2026-05-08,FAC-007,196,26,25,0.98,45,0.829,1,0
2026-05-09,FAC-007,178,26,25,0.98,49,0.895,0,0
2026-05-10,FAC-007,180,26,25,0.98,47,0.87,0,0
2026-05-11,FAC-007,185,26,25,0.98,42,0.776,0,0
2026-05-12,FAC-007,195,26,25,0.98,48,0.886,0,0
2026-05-13,FAC-007,203,26,25,0.98,54,0.995,0,0
2026-05-14,FAC-007,188,26,25,0.98,46,0.853,0,0
2026-05-15,FAC-007,209,26,25,0.98,55,1.0,0,0
2026-05-16,FAC-007,168,26,25,0.98,54,0.989,0,0
2026-05-17,FAC-007,164,26,25,0.98,45,0.833,0,0
2026-05-18,FAC-007,201,26,25,0.98,51,0.941,0,0
2026-05-19,FAC-007,208,26,25,0.98,52,0.96,0,0
2026-05-20,FAC-007,211,26,25,0.98,52,0.955,0,0
2026-05-21,FAC-007,210,26,25,0.98,49,0.907,0,0
2026-05-22,FAC-007,194,26,25,0.98,52,0.948,0,0
2026-05-23,FAC-007,165,26,25,0.98,48,0.887,0,0
2026-05-24,FAC-007,160,26,25,0.98,50,0.91,0,0
2026-05-25,FAC-007,227,26,25,0.98,49,0.897,0,0
2026-05-26,FAC-007,194,26,25,0.98,50,0.926,0,0
2026-05-27,FAC-007,196,26,25,0.98,51,0.934,0,0
2026-05-28,FAC-007,194,26,25,0.98,47,0.87,0,0
2026-05-29,FAC-007,252,26,25,0.98,50,0.911,0,0
2026-05-30,FAC-007,183,26,25,0.98,49,0.895,0,0
2026-05-31,FAC-007,168,26,25,0.98,48,0.89,0,0
2026-06-01,FAC-007,190,26,25,0.98,54,0.992,0,0
2026-06-02,FAC-007,210,26,25,0.98,48,0.886,0,0
2026-06-03,FAC-007,222,26,25,0.98,44,0.813,0,0
2026-06-04,FAC-007,214,26,25,0.98,53,0.968,0,0
2026-06-05,FAC-007,199,26,25,0.98,50,0.913,0,0
2026-06-06,FAC-007,195,26,25,0.98,44,0.809,0,0
2026-06-07,FAC-007,202,26,25,0.98,51,0.935,0,0
2026-06-08,FAC-007,186,26,25,0.98,53,0.966,0,0
2026-06-09,FAC-007,241,26,25,0.98,51,0.933,0,0
2026-06-10,FAC-007,183,26,25,0.98,47,0.864,0,0
2026-06-11,FAC-007,213,26,25,0.98,48,0.887,0,0
2026-06-12,FAC-007,200,26,25,0.98,47,0.868,0,0
2026-06-13,FAC-007,176,26,25,0.98,41,0.75,0,0
2026-06-14,FAC-007,144,26,25,0.98,48,0.888,0,0
2026-06-15,FAC-007,212,26,25,0.98,49,0.901,0,0
2026-06-16,FAC-007,211,26,25,0.98,52,0.961,0,0
2026-06-17,FAC-007,212,26,25,0.98,49,0.904,0,0
2026-06-18,FAC-007,245,26,25,0.98,47,0.871,0,0
2026-06-19,FAC-007,223,26,25,0.98,49,0.907,0,0
2026-06-20,FAC-007,183,26,25,0.98,48,0.88,0,0
2026-06-21,FAC-007,164,26,25,0.98,49,0.906,0,0
2026-06-22,FAC-007,191,26,25,0.98,40,0.742,0,0
2026-06-23,FAC-007,205,26,25,0.98,51,0.93,0,0
2026-06-24,FAC-007,195,26,25,0.98,44,0.816,0,0
2026-06-25,FAC-007,201,26,25,0.98,52,0.962,0,0
2026-06-26,FAC-007,187,26,25,0.98,46,0.846,0,0
2026-06-27,FAC-007,160,26,25,0.98,48,0.879,0,0
2026-06-28,FAC-007,172,26,25,0.98,44,0.808,0,0
2026-06-29,FAC-007,182,26,25,0.98,53,0.965,0,0
2026-06-30,FAC-007,201,26,25,0.98,53,0.972,0,0
2026-07-01,FAC-007,215,26,25,0.98,50,0.917,3,0
2026-07-02,FAC-007,214,26,25,0.98,48,0.885,0,0
2026-07-03,FAC-007,193,26,25,0.98,53,0.966,0,0
2026-07-04,FAC-007,182,26,25,0.98,50,0.924,0,0
2026-07-05,FAC-007,167,26,25,0.98,48,0.883,0,0
2026-07-06,FAC-007,234,26,25,0.98,40,0.742,0,0
2026-07-07,FAC-007,202,26,25,0.98,43,0.796,0,0
2026-07-08,FAC-007,191,26,25,0.98,55,1.0,0,0
2026-07-09,FAC-007,188,26,25,0.98,50,0.92,0,0
2026-07-10,FAC-007,232,26,25,0.98,44,0.803,0,0
2026-07-11,FAC-007,186,26,25,0.98,55,1.0,0,0
2026-07-12,FAC-007,189,26,25,0.98,48,0.884,0,0
2026-07-13,FAC-007,426,26,25,0.98,47,0.863,0,1
2026-07-14,FAC-007,243,26,25,0.98,43,0.789,0,0
2026-07-15,FAC-007,214,26,25,0.98,48,0.886,0,0
2026-07-16,FAC-007,229,26,25,0.98,49,0.904,0,0
2026-07-17,FAC-007,206,26,25,0.98,49,0.896,0,0
2026-07-18,FAC-007,193,26,25,0.98,51,0.935,0,0
2026-07-19,FAC-007,144,26,25,0.98,49,0.903,0,0
2026-07-20,FAC-007,228,26,25,0.98,53,0.975,0,0
2026-07-21,FAC-007,219,26,25,0.98,48,0.874,0,0
2026-07-22,FAC-007,215,26,25,0.98,47,0.866,1,0
2026-07-23,FAC-007,199,26,25,0.98,47,0.855,0,0
2026-07-24,FAC-007,391,26,25,0.98,44,0.807,0,1
2026-07-25,FAC-007,208,26,25,0.98,50,0.912,0,0
2026-07-26,FAC-007,159,26,25,0.98,47,0.857,0,0
2026-07-27,FAC-007,186,26,25,0.98,53,0.971,0,0
2026-07-28,FAC-007,211,26,25,0.98,55,1.0,0,0
2026-07-29,FAC-007,226,26,25,0.98,50,0.912,0,0
2026-07-30,FAC-007,224,26,25,0.98,48,0.883,0,0
2026-07-31,FAC-007,221,26,25,0.98,48,0.878,0,0
2026-08-01,FAC-007,181,26,25,0.98,45,0.832,0,0
2026-08-02,FAC-007,193,26,25,0.98,52,0.947,0,0
2026-08-03,FAC-007,200,26,25,0.98,51,0.934,0,0
2026-08-04,FAC-007,217,26,25,0.98,47,0.858,0,0
2026-08-05,FAC-007,227,26,25,0.98,49,0.894,0,0
2026-08-06,FAC-007,221,26,25,0.98,46,0.851,0,0
2026-08-07,FAC-007,328,26,25,0.98,49,0.901,0,1
2026-08-08,FAC-007,161,26,25,0.98,43,0.793,0,0
2026-08-09,FAC-007,201,26,25,0.98,47,0.87,0,0
2026-08-10,FAC-007,190,26,25,0.98,47,0.862,0,0
2026-08-11,FAC-007,216,26,25,0.98,53,0.98,0,0
2026-08-12,FAC-007,203,26,25,0.98,45,0.831,0,0
2026-08-13,FAC-007,214,26,25,0.98,48,0.882,0,0
2026-08-14,FAC-007,207,26,25,0.98,47,0.865,0,0
2026-08-15,FAC-007,177,26,25,0.98,47,0.866,0,0
2026-08-16,FAC-007,189,26,25,0.98,49,0.909,0,0
2026-08-17,FAC-007,195,26,25,0.98,55,1.0,0,0
2026-08-18,FAC-007,215,26,25,0.98,49,0.902,0,0
2026-08-19,FAC-007,232,26,25,0.98,49,0.892,0,0
2026-08-20,FAC-007,221,26,25,0.98,52,0.947,0,0
2026-08-21,FAC-007,229,26,25,0.98,50,0.924,0,0
2026-08-22,FAC-007,172,26,25,0.98,53,0.969,0,0
2026-08-23,FAC-007,191,26,25,0.98,48,0.888,0,0
2026-08-24,FAC-007,247,26,25,0.98,52,0.963,0,0
2026-08-25,FAC-007,222,26,25,0.98,45,0.819,0,0
2026-08-26,FAC-007,219,26,25,0.98,55,1.0,0,0
2026-08-27,FAC-007,201,26,25,0.98,50,0.923,3,0
2026-08-28,FAC-007,222,26,25,0.98,50,0.919,0,0
2026-08-29,FAC-007,191,26,25,0.98,46,0.841,0,0
2026-08-30,FAC-007,204,26,25,0.98,51,0.936,0,0
2026-08-31,FAC-007,212,26,25,0.98,49,0.904,0,0
2026-09-01,FAC-007,220,26,25,0.98,52,0.948,0,0
2026-09-02,FAC-007,234,26,25,0.98,46,0.839,1,0
2026-09-03,FAC-007,211,26,25,0.98,48,0.884,0,0
2026-09-04,FAC-007,216,26,25,0.98,44,0.818,0,0
2026-09-05,FAC-007,166,26,25,0.98,52,0.957,0,0
2026-09-06,FAC-007,184,26,25,0.98,45,0.832,0,0
2026-09-07,FAC-007,217,26,25,0.98,47,0.866,0,0
2026-09-08,FAC-007,253,26,25,0.98,54,0.984,0,1
2026-09-09,FAC-007,210,26,25,0.98,47,0.871,4,0
2026-09-10,FAC-007,200,26,25,0.98,44,0.801,0,0
2026-09-11,FAC-007,212,26,25,0.98,54,0.999,0,0
2026-09-12,FAC-007,198,26,25,0.98,49,0.9,0,0
2026-09-13,FAC-007,185,26,25,0.98,51,0.937,0,0
2026-09-14,FAC-007,193,26,25,0.98,51,0.929,0,0
2026-09-15,FAC-007,229,26,25,0.98,48,0.883,0,0
2026-09-16,FAC-007,216,26,25,0.98,49,0.902,0,0
2026-09-17,FAC-007,200,26,25,0.98,44,0.811,0,0
2026-09-18,FAC-007,243,26,25,0.98,49,0.894,0,0
2026-09-19,FAC-007,178,26,25,0.98,53,0.966,0,0
2026-09-20,FAC-007,214,26,25,0.98,53,0.968,0,0
2026-09-21,FAC-007,219,26,25,0.98,54,0.99,0,0
2026-09-22,FAC-007,218,26,25,0.98,50,0.915,0,0
2026-09-23,FAC-007,190,26,25,0.98,47,0.866,0,0
2026-09-24,FAC-007,193,26,25,0.98,47,0.868,0,0
2026-09-25,FAC-007,237,26,25,0.98,46,0.853,0,0
2026-09-26,FAC-007,189,26,25,0.98,47,0.86,0,0
2026-09-27,FAC-007,161,26,25,0.98,48,0.882,0,0
2026-04-01,FAC-008,297,304,297,0.98,41,0.873,0,0
2026-04-02,FAC-008,313,304,297,0.98,39,0.828,0,0
2026-04-03,FAC-008,268,304,292,0.961,42,0.894,0,0
2026-04-04,FAC-008,222,304,206,0.679,44,0.925,0,0
2026-04-05,FAC-008,232,304,164,0.541,42,0.881,0,0
2026-04-06,FAC-008,286,304,286,0.942,46,0.976,5,0
2026-04-07,FAC-008,293,304,297,0.98,46,0.963,0,0
2026-04-08,FAC-008,292,304,297,0.98,39,0.824,5,0
2026-04-09,FAC-008,270,304,284,0.937,46,0.975,0,0
2026-04-10,FAC-008,287,304,262,0.863,48,1.0,0,0
2026-04-11,FAC-008,232,304,240,0.79,46,0.979,0,0
2026-04-12,FAC-008,239,304,223,0.736,41,0.867,1,0
2026-04-13,FAC-008,313,304,297,0.98,43,0.902,0,0
2026-04-14,FAC-008,336,304,297,0.98,46,0.978,0,0
2026-04-15,FAC-008,282,304,297,0.98,47,0.994,0,0
2026-04-16,FAC-008,289,304,297,0.98,47,0.983,0,0
2026-04-17,FAC-008,329,304,268,0.884,45,0.943,0,0
2026-04-18,FAC-008,260,304,271,0.893,43,0.913,0,0
2026-04-19,FAC-008,254,304,285,0.938,44,0.932,0,0
2026-04-20,FAC-008,298,304,297,0.98,44,0.925,0,0
2026-04-21,FAC-008,305,304,297,0.98,41,0.874,0,0
2026-04-22,FAC-008,258,304,259,0.854,43,0.913,0,0
2026-04-23,FAC-008,310,304,297,0.98,45,0.945,0,0
2026-04-24,FAC-008,352,304,297,0.98,46,0.959,0,0
2026-04-25,FAC-008,247,304,213,0.702,36,0.762,0,0
2026-04-26,FAC-008,239,304,176,0.58,44,0.931,0,0
2026-04-27,FAC-008,399,304,297,0.98,43,0.908,0,1
2026-04-28,FAC-008,277,304,287,0.947,45,0.942,0,0
2026-04-29,FAC-008,278,304,272,0.895,43,0.913,0,0
2026-04-30,FAC-008,261,304,266,0.876,39,0.814,0,0
2026-05-01,FAC-008,308,304,297,0.978,39,0.814,0,0
2026-05-02,FAC-008,239,304,225,0.743,46,0.964,0,0
2026-05-03,FAC-008,382,304,297,0.98,47,0.999,0,1
2026-05-04,FAC-008,310,304,297,0.98,38,0.807,0,0
2026-05-05,FAC-008,285,304,279,0.92,44,0.922,0,0
2026-05-06,FAC-008,503,304,297,0.98,38,0.803,0,1
2026-05-07,FAC-008,300,304,296,0.974,48,1.0,0,0
2026-05-08,FAC-008,297,304,281,0.927,43,0.907,0,0
2026-05-09,FAC-008,251,304,202,0.667,44,0.924,2,0
2026-05-10,FAC-008,245,304,244,0.804,40,0.848,0,0
2026-05-11,FAC-008,270,304,291,0.958,46,0.967,0,0
2026-05-12,FAC-008,306,304,261,0.862,44,0.929,0,0
2026-05-13,FAC-008,253,304,236,0.779,45,0.952,0,0
2026-05-14,FAC-008,312,304,297,0.98,46,0.979,0,0
2026-05-15,FAC-008,309,304,259,0.855,42,0.878,0,0
2026-05-16,FAC-008,251,304,247,0.813,41,0.863,0,0
2026-05-17,FAC-008,231,304,289,0.952,42,0.877,0,0
2026-05-18,FAC-008,352,304,297,0.98,45,0.939,0,0
2026-05-19,FAC-008,302,304,279,0.92,41,0.872,0,0
2026-05-20,FAC-008,296,304,275,0.906,42,0.885,0,0
2026-05-21,FAC-008,241,304,258,0.85,46,0.974,0,0
2026-05-22,FAC-008,308,304,297,0.98,45,0.941,0,0
2026-05-23,FAC-008,276,304,297,0.98,35,0.735,0,0
2026-05-24,FAC-008,261,304,227,0.748,39,0.829,0,0
2026-05-25,FAC-008,273,304,265,0.873,45,0.939,0,0
2026-05-26,FAC-008,308,304,297,0.98,45,0.943,0,0
2026-05-27,FAC-008,316,304,297,0.98,38,0.797,0,0
2026-05-28,FAC-008,280,304,280,0.923,45,0.944,0,0
2026-05-29,FAC-008,266,304,265,0.874,38,0.806,0,0
2026-05-30,FAC-008,274,304,279,0.921,39,0.819,0,0
2026-05-31,FAC-008,226,304,235,0.774,47,0.982,0,0
2026-06-01,FAC-008,272,304,291,0.958,41,0.867,0,0
2026-06-02,FAC-008,318,304,297,0.98,43,0.909,0,0
2026-06-03,FAC-008,255,304,271,0.893,44,0.93,0,0
2026-06-04,FAC-008,309,304,297,0.98,40,0.847,0,0
2026-06-05,FAC-008,325,304,297,0.98,40,0.835,0,0
2026-06-06,FAC-008,281,304,284,0.935,43,0.908,0,0
2026-06-07,FAC-008,251,304,249,0.819,47,0.982,0,0
2026-06-08,FAC-008,324,304,297,0.98,43,0.911,0,0
2026-06-09,FAC-008,550,304,297,0.98,44,0.935,0,1
2026-06-10,FAC-008,296,304,245,0.809,38,0.805,0,0
2026-06-11,FAC-008,284,304,294,0.967,41,0.86,0,0
2026-06-12,FAC-008,286,304,297,0.98,41,0.867,0,0
2026-06-13,FAC-008,282,304,297,0.98,43,0.901,0,0
2026-06-14,FAC-008,359,304,297,0.98,42,0.885,0,1
2026-06-15,FAC-008,321,304,297,0.98,40,0.843,0,0
2026-06-16,FAC-008,304,304,297,0.98,45,0.951,0,0
2026-06-17,FAC-008,290,304,275,0.906,43,0.91,4,0
2026-06-18,FAC-008,329,304,297,0.98,40,0.839,0,0
2026-06-19,FAC-008,288,304,279,0.92,38,0.794,0,0
2026-06-20,FAC-008,286,304,282,0.93,42,0.883,0,0
2026-06-21,FAC-008,289,304,297,0.98,41,0.868,0,0
2026-06-22,FAC-008,305,304,297,0.98,47,0.987,0,0
2026-06-23,FAC-008,297,304,261,0.862,37,0.787,0,0
2026-06-24,FAC-008,337,304,297,0.98,45,0.94,0,0
2026-06-25,FAC-008,303,304,292,0.963,42,0.884,0,0
2026-06-26,FAC-008,340,304,297,0.98,42,0.877,0,0
2026-06-27,FAC-008,275,304,243,0.802,46,0.979,0,0
2026-06-28,FAC-008,275,304,281,0.926,41,0.87,0,0
2026-06-29,FAC-008,268,304,285,0.938,48,1.0,0,0
2026-06-30,FAC-008,306,304,261,0.86,44,0.927,0,0
2026-07-01,FAC-008,481,304,297,0.98,41,0.861,0,1
2026-07-02,FAC-008,284,304,271,0.892,42,0.89,0,0
2026-07-03,FAC-008,282,304,251,0.829,43,0.91,0,0
2026-07-04,FAC-008,253,304,242,0.797,43,0.905,0,0
2026-07-05,FAC-008,226,304,232,0.764,42,0.875,0,0
2026-07-06,FAC-008,309,304,297,0.98,46,0.968,0,0
2026-07-07,FAC-008,306,304,297,0.98,42,0.881,0,0
2026-07-08,FAC-008,297,304,294,0.97,45,0.946,0,0
2026-07-09,FAC-008,319,304,297,0.98,39,0.826,0,0
2026-07-10,FAC-008,318,304,297,0.977,40,0.845,0,0
2026-07-11,FAC-008,234,304,231,0.763,46,0.973,0,0
2026-07-12,FAC-008,238,304,278,0.917,45,0.955,0,0
2026-07-13,FAC-008,268,304,258,0.851,40,0.838,0,0
2026-07-14,FAC-008,320,304,295,0.974,38,0.803,0,0
2026-07-15,FAC-008,296,304,297,0.98,42,0.888,0,0
2026-07-16,FAC-008,314,304,297,0.98,38,0.809,0,0
2026-07-17,FAC-008,282,304,282,0.928,41,0.867,0,0
2026-07-18,FAC-008,294,304,264,0.869,40,0.845,0,0
2026-07-19,FAC-008,265,304,249,0.821,34,0.726,0,0
2026-07-20,FAC-008,352,304,297,0.98,44,0.934,0,0
2026-07-21,FAC-008,274,304,253,0.832,38,0.803,0,0
2026-07-22,FAC-008,287,304,271,0.893,42,0.892,0,0
2026-07-23,FAC-008,296,304,260,0.858,41,0.869,0,0
2026-07-24,FAC-008,341,304,297,0.98,44,0.927,1,0
2026-07-25,FAC-008,273,304,297,0.98,44,0.934,0,0
2026-07-26,FAC-008,273,304,234,0.773,39,0.833,5,0
2026-07-27,FAC-008,305,304,285,0.939,40,0.84,0,0
2026-07-28,FAC-008,284,304,249,0.82,40,0.853,0,0
2026-07-29,FAC-008,314,304,297,0.98,45,0.948,0,0
2026-07-30,FAC-008,513,304,297,0.98,43,0.907,0,1
2026-07-31,FAC-008,305,304,297,0.98,42,0.878,0,0
2026-08-01,FAC-008,295,304,296,0.975,43,0.909,0,0
2026-08-02,FAC-008,219,304,216,0.712,46,0.969,0,0
2026-08-03,FAC-008,320,304,267,0.88,41,0.873,0,0
2026-08-04,FAC-008,349,304,297,0.98,44,0.919,0,0
2026-08-05,FAC-008,347,304,297,0.98,45,0.947,0,0
2026-08-06,FAC-008,317,304,297,0.98,44,0.923,0,0
2026-08-07,FAC-008,294,304,283,0.931,40,0.849,0,0
2026-08-08,FAC-008,227,304,257,0.846,43,0.901,0,0
2026-08-09,FAC-008,286,304,297,0.98,43,0.903,0,0
2026-08-10,FAC-008,275,304,270,0.889,41,0.86,0,0
2026-08-11,FAC-008,259,304,246,0.812,42,0.896,0,0
2026-08-12,FAC-008,292,304,273,0.899,39,0.823,0,0
2026-08-13,FAC-008,313,304,297,0.98,46,0.977,0,0
2026-08-14,FAC-008,324,304,297,0.98,42,0.892,0,0
2026-08-15,FAC-008,224,304,215,0.707,40,0.842,0,0
2026-08-16,FAC-008,265,304,294,0.97,48,1.0,0,0
2026-08-17,FAC-008,310,304,269,0.886,43,0.904,0,0
2026-08-18,FAC-008,311,304,297,0.98,43,0.899,0,0
2026-08-19,FAC-008,310,304,294,0.969,42,0.881,0,0
2026-08-20,FAC-008,321,304,272,0.895,42,0.881,0,0
2026-08-21,FAC-008,326,304,297,0.98,42,0.876,0,0
2026-08-22,FAC-008,288,304,297,0.98,42,0.877,0,0
2026-08-23,FAC-008,251,304,246,0.811,42,0.895,0,0
2026-08-24,FAC-008,336,304,297,0.98,47,0.992,0,0
2026-08-25,FAC-008,290,304,259,0.853,44,0.931,0,0
2026-08-26,FAC-008,340,304,297,0.98,44,0.926,0,0
2026-08-27,FAC-008,358,304,297,0.98,43,0.902,4,0
2026-08-28,FAC-008,299,304,297,0.98,45,0.95,0,0
2026-08-29,FAC-008,272,304,264,0.869,42,0.895,0,0
2026-08-30,FAC-008,260,304,252,0.83,41,0.864,0,0
2026-08-31,FAC-008,317,304,297,0.98,43,0.911,0,0
2026-09-01,FAC-008,258,304,243,0.801,46,0.966,0,0
2026-09-02,FAC-008,288,304,297,0.98,40,0.851,0,0
2026-09-03,FAC-008,330,304,297,0.98,42,0.88,0,0
2026-09-04,FAC-008,312,304,279,0.919,45,0.958,3,0
2026-09-05,FAC-008,292,304,283,0.932,44,0.931,2,0
2026-09-06,FAC-008,281,304,278,0.917,40,0.834,0,0
2026-09-07,FAC-008,351,304,297,0.98,41,0.863,0,0
2026-09-08,FAC-008,352,304,297,0.98,43,0.915,0,0
2026-09-09,FAC-008,287,304,297,0.98,48,1.0,0,0
2026-09-10,FAC-008,333,304,297,0.98,45,0.943,0,0
2026-09-11,FAC-008,303,304,294,0.97,42,0.879,0,0
2026-09-12,FAC-008,253,304,244,0.804,42,0.879,3,0
2026-09-13,FAC-008,260,304,253,0.833,43,0.915,0,0
2026-09-14,FAC-008,314,304,297,0.98,47,0.991,0,0
2026-09-15,FAC-008,314,304,297,0.98,44,0.921,0,0
2026-09-16,FAC-008,301,304,297,0.98,42,0.895,0,0
2026-09-17,FAC-008,252,304,251,0.829,42,0.885,0,0
2026-09-18,FAC-008,353,304,297,0.98,42,0.88,0,0
2026-09-19,FAC-008,293,304,297,0.98,42,0.89,0,0
2026-09-20,FAC-008,250,304,258,0.851,43,0.898,0,0
2026-09-21,FAC-008,294,304,276,0.91,40,0.851,0,0
2026-09-22,FAC-008,288,304,297,0.98,45,0.948,0,0
2026-09-23,FAC-008,337,304,297,0.98,42,0.885,0,0
2026-09-24,FAC-008,308,304,297,0.98,37,0.791,0,0
2026-09-25,FAC-008,300,304,278,0.916,47,0.982,0,0
2026-09-26,FAC-008,256,304,216,0.711,43,0.913,0,0
2026-09-27,FAC-008,259,304,245,0.807,41,0.86,0,0
2026-04-01,FAC-009,290,200,196,0.98,92,0.963,0,0
2026-04-02,FAC-009,357,200,196,0.98,83,0.865,0,0
2026-04-03,FAC-009,324,200,196,0.98,91,0.956,0,0
2026-04-04,FAC-009,311,200,196,0.98,95,0.996,1,0
2026-04-05,FAC-009,296,200,196,0.98,85,0.888,0,0
2026-04-06,FAC-009,290,200,196,0.98,76,0.792,0,0
2026-04-07,FAC-009,342,200,196,0.98,88,0.919,0,0
2026-04-08,FAC-009,399,200,196,0.98,85,0.895,0,0
2026-04-09,FAC-009,338,200,196,0.98,79,0.831,0,0
2026-04-10,FAC-009,315,200,196,0.98,85,0.894,0,0
2026-04-11,FAC-009,273,200,196,0.98,90,0.939,0,0
2026-04-12,FAC-009,301,200,196,0.98,88,0.917,0,0
2026-04-13,FAC-009,366,200,196,0.98,96,1.0,0,0
2026-04-14,FAC-009,365,200,196,0.98,72,0.75,0,0
2026-04-15,FAC-009,341,200,196,0.98,85,0.893,0,0
2026-04-16,FAC-009,317,200,196,0.98,75,0.791,0,0
2026-04-17,FAC-009,350,200,196,0.98,83,0.87,0,0
2026-04-18,FAC-009,298,200,196,0.98,92,0.963,0,0
2026-04-19,FAC-009,266,200,196,0.98,91,0.953,0,0
2026-04-20,FAC-009,349,200,196,0.98,92,0.966,0,0
2026-04-21,FAC-009,328,200,196,0.98,89,0.935,0,0
2026-04-22,FAC-009,336,200,196,0.98,88,0.922,0,0
2026-04-23,FAC-009,323,200,196,0.98,81,0.846,0,0
2026-04-24,FAC-009,366,200,196,0.98,93,0.973,0,0
2026-04-25,FAC-009,296,200,196,0.98,90,0.946,0,0
2026-04-26,FAC-009,301,200,196,0.98,94,0.979,0,0
2026-04-27,FAC-009,350,200,196,0.98,83,0.868,0,0
2026-04-28,FAC-009,339,200,196,0.98,83,0.873,0,0
2026-04-29,FAC-009,331,200,196,0.98,85,0.894,0,0
2026-04-30,FAC-009,324,200,196,0.98,86,0.897,0,0
2026-05-01,FAC-009,303,200,196,0.98,82,0.855,0,0
2026-05-02,FAC-009,291,200,196,0.98,87,0.914,0,0
2026-05-03,FAC-009,239,200,196,0.98,92,0.967,0,0
2026-05-04,FAC-009,376,200,196,0.98,91,0.955,0,0
2026-05-05,FAC-009,321,200,196,0.98,84,0.881,0,0
2026-05-06,FAC-009,345,200,196,0.98,87,0.916,0,0
2026-05-07,FAC-009,338,200,196,0.98,81,0.852,0,0
2026-05-08,FAC-009,340,200,196,0.98,89,0.932,0,0
2026-05-09,FAC-009,280,200,196,0.98,88,0.919,3,0
2026-05-10,FAC-009,254,200,196,0.98,93,0.971,4,0
2026-05-11,FAC-009,359,200,196,0.98,87,0.912,0,0
2026-05-12,FAC-009,570,200,196,0.98,88,0.92,0,1
2026-05-13,FAC-009,329,200,196,0.98,87,0.907,0,0
2026-05-14,FAC-009,326,200,196,0.98,82,0.864,0,0
2026-05-15,FAC-009,328,200,196,0.98,92,0.966,0,0
2026-05-16,FAC-009,252,200,196,0.98,94,0.984,0,0
2026-05-17,FAC-009,328,200,196,0.98,80,0.837,0,0
2026-05-18,FAC-009,361,200,196,0.98,84,0.879,0,0
2026-05-19,FAC-009,354,200,196,0.98,79,0.831,0,0
2026-05-20,FAC-009,357,200,196,0.98,93,0.975,0,0
2026-05-21,FAC-009,363,200,196,0.98,90,0.938,0,0
2026-05-22,FAC-009,357,200,196,0.98,78,0.818,0,0
2026-05-23,FAC-009,297,200,196,0.98,86,0.905,0,0
2026-05-24,FAC-009,282,200,196,0.98,81,0.851,0,0
2026-05-25,FAC-009,330,200,196,0.98,91,0.952,0,0
2026-05-26,FAC-009,344,200,196,0.98,84,0.878,0,0
2026-05-27,FAC-009,345,200,196,0.98,79,0.826,0,0
2026-05-28,FAC-009,364,200,196,0.98,81,0.847,0,0
2026-05-29,FAC-009,386,200,196,0.98,83,0.87,0,0
2026-05-30,FAC-009,250,200,196,0.98,86,0.897,0,0
2026-05-31,FAC-009,269,200,196,0.98,91,0.952,0,0
2026-06-01,FAC-009,291,200,196,0.98,85,0.889,3,0
2026-06-02,FAC-009,360,200,196,0.98,88,0.918,0,0
2026-06-03,FAC-009,325,200,196,0.98,89,0.929,0,0
2026-06-04,FAC-009,350,200,196,0.98,81,0.844,0,0
2026-06-05,FAC-009,330,200,196,0.98,84,0.883,0,0
2026-06-06,FAC-009,326,200,196,0.98,79,0.831,0,0
2026-06-07,FAC-009,307,200,196,0.98,79,0.824,5,0
2026-06-08,FAC-009,401,200,196,0.98,92,0.962,0,0
2026-06-09,FAC-009,388,200,196,0.98,85,0.893,0,0
2026-06-10,FAC-009,381,200,196,0.98,92,0.965,0,0
2026-06-11,FAC-009,381,200,196,0.98,90,0.948,0,0
2026-06-12,FAC-009,342,200,196,0.98,87,0.908,0,0
2026-06-13,FAC-009,297,200,196,0.98,78,0.818,0,0
2026-06-14,FAC-009,255,200,196,0.98,92,0.964,0,0
2026-06-15,FAC-009,326,200,196,0.98,85,0.893,0,0
2026-06-16,FAC-009,323,200,196,0.98,85,0.892,0,0
2026-06-17,FAC-009,341,200,196,0.98,90,0.943,0,0
2026-06-18,FAC-009,321,200,196,0.98,94,0.987,0,0
2026-06-19,FAC-009,309,200,196,0.98,84,0.882,0,0
2026-06-20,FAC-009,313,200,196,0.98,95,0.998,0,0
2026-06-21,FAC-009,258,200,196,0.98,88,0.926,0,0
2026-06-22,FAC-009,593,200,196,0.98,87,0.913,0,1
2026-06-23,FAC-009,351,200,196,0.98,91,0.952,0,0
2026-06-24,FAC-009,338,200,196,0.98,83,0.87,0,0
2026-06-25,FAC-009,325,200,196,0.98,83,0.87,0,0
2026-06-26,FAC-009,337,200,196,0.98,84,0.885,0,0
2026-06-27,FAC-009,281,200,196,0.98,87,0.906,0,0
2026-06-28,FAC-009,269,200,196,0.98,84,0.88,0,0
2026-06-29,FAC-009,345,200,196,0.98,87,0.908,0,0
2026-06-30,FAC-009,384,200,196,0.98,96,1.0,0,0
2026-07-01,FAC-009,337,200,196,0.98,89,0.933,0,0
2026-07-02,FAC-009,389,200,196,0.98,85,0.888,0,0
2026-07-03,FAC-009,333,200,196,0.98,86,0.901,0,0
2026-07-04,FAC-009,330,200,196,0.98,94,0.982,0,0
2026-07-05,FAC-009,291,200,196,0.98,87,0.914,0,0
2026-07-06,FAC-009,400,200,196,0.98,79,0.83,0,0
2026-07-07,FAC-009,403,200,196,0.98,82,0.86,0,0
2026-07-08,FAC-009,327,200,196,0.98,79,0.825,0,0
2026-07-09,FAC-009,352,200,196,0.98,92,0.962,0,0
2026-07-10,FAC-009,336,200,196,0.98,79,0.83,0,0
2026-07-11,FAC-009,353,200,196,0.98,86,0.901,0,0
2026-07-12,FAC-009,339,200,196,0.98,96,1.0,0,0
2026-07-13,FAC-009,340,200,196,0.98,83,0.866,0,0
2026-07-14,FAC-009,314,200,196,0.98,90,0.938,0,0
2026-07-15,FAC-009,315,200,196,0.98,93,0.972,0,0
2026-07-16,FAC-009,369,200,196,0.98,82,0.864,0,0
2026-07-17,FAC-009,408,200,196,0.98,86,0.896,0,0
2026-07-18,FAC-009,265,200,196,0.98,86,0.9,0,0
2026-07-19,FAC-009,304,200,196,0.98,82,0.864,0,0
2026-07-20,FAC-009,402,200,196,0.98,85,0.886,0,0
2026-07-21,FAC-009,428,200,196,0.98,78,0.818,0,0
2026-07-22,FAC-009,361,200,196,0.98,88,0.922,0,0
2026-07-23,FAC-009,350,200,196,0.98,89,0.933,0,0
2026-07-24,FAC-009,323,200,196,0.98,81,0.852,0,0
2026-07-25,FAC-009,295,200,196,0.98,96,1.0,0,0
2026-07-26,FAC-009,284,200,196,0.98,84,0.881,0,0
2026-07-27,FAC-009,321,200,196,0.98,88,0.924,0,0
2026-07-28,FAC-009,370,200,196,0.98,79,0.826,0,0
2026-07-29,FAC-009,382,200,196,0.98,87,0.912,0,0
2026-07-30,FAC-009,319,200,196,0.98,91,0.956,0,0
2026-07-31,FAC-009,375,200,196,0.98,95,0.994,0,0
2026-08-01,FAC-009,273,200,196,0.98,91,0.954,0,0
2026-08-02,FAC-009,329,200,196,0.98,82,0.855,0,0
2026-08-03,FAC-009,337,200,196,0.98,79,0.824,0,0
2026-08-04,FAC-009,320,200,196,0.98,87,0.916,0,0
2026-08-05,FAC-009,368,200,196,0.98,83,0.871,0,0
2026-08-06,FAC-009,359,200,196,0.98,91,0.958,0,0
2026-08-07,FAC-009,392,200,196,0.98,84,0.876,0,0
2026-08-08,FAC-009,332,200,196,0.98,89,0.935,0,0
2026-08-09,FAC-009,300,200,196,0.98,89,0.929,0,0
2026-08-10,FAC-009,372,200,196,0.98,83,0.867,5,0
2026-08-11,FAC-009,343,200,196,0.98,87,0.908,0,0
2026-08-12,FAC-009,471,200,196,0.98,92,0.959,0,1
2026-08-13,FAC-009,358,200,196,0.98,87,0.912,0,0
2026-08-14,FAC-009,372,200,196,0.98,96,1.0,0,0
2026-08-15,FAC-009,284,200,196,0.98,86,0.902,0,0
2026-08-16,FAC-009,352,200,196,0.98,95,0.995,0,0
2026-08-17,FAC-009,369,200,196,0.98,87,0.908,0,0
2026-08-18,FAC-009,354,200,196,0.98,88,0.921,0,0
2026-08-19,FAC-009,358,200,196,0.98,87,0.912,0,0
2026-08-20,FAC-009,339,200,196,0.98,82,0.863,0,0
2026-08-21,FAC-009,269,200,196,0.98,83,0.867,0,0
2026-08-22,FAC-009,313,200,196,0.98,96,1.0,0,0
2026-08-23,FAC-009,300,200,196,0.98,89,0.935,0,0
2026-08-24,FAC-009,348,200,196,0.98,82,0.86,0,0
2026-08-25,FAC-009,366,200,196,0.98,93,0.971,0,0
2026-08-26,FAC-009,342,200,196,0.98,79,0.824,0,0
2026-08-27,FAC-009,381,200,196,0.98,87,0.916,0,0
2026-08-28,FAC-009,388,200,196,0.98,80,0.838,0,0
2026-08-29,FAC-009,317,200,196,0.98,84,0.876,3,0
2026-08-30,FAC-009,312,200,196,0.98,86,0.902,0,0
2026-08-31,FAC-009,360,200,196,0.98,86,0.903,1,0
2026-09-01,FAC-009,378,200,196,0.98,84,0.88,1,0
2026-09-02,FAC-009,265,200,196,0.98,93,0.973,0,0
2026-09-03,FAC-009,359,200,196,0.98,93,0.97,0,0
2026-09-04,FAC-009,357,200,196,0.98,77,0.81,0,0
2026-09-05,FAC-009,316,200,196,0.98,94,0.987,0,0
2026-09-06,FAC-009,288,200,196,0.98,81,0.847,0,0
2026-09-07,FAC-009,345,200,196,0.98,84,0.877,0,0
2026-09-08,FAC-009,359,200,196,0.98,96,1.0,0,0
2026-09-09,FAC-009,414,200,196,0.98,74,0.777,0,0
2026-09-10,FAC-009,358,200,196,0.98,81,0.848,0,0
2026-09-11,FAC-009,337,200,196,0.98,84,0.885,0,0
2026-09-12,FAC-009,323,200,196,0.98,86,0.897,0,0
2026-09-13,FAC-009,299,200,196,0.98,93,0.969,0,0
2026-09-14,FAC-009,321,200,196,0.98,84,0.879,0,0
2026-09-15,FAC-009,374,200,196,0.98,91,0.952,0,0
2026-09-16,FAC-009,334,200,196,0.98,86,0.898,0,0
2026-09-17,FAC-009,323,200,196,0.98,85,0.888,1,0
2026-09-18,FAC-009,312,200,196,0.98,92,0.96,0,0
2026-09-19,FAC-009,339,200,196,0.98,87,0.909,0,0
2026-09-20,FAC-009,309,200,196,0.98,81,0.851,0,0
2026-09-21,FAC-009,349,200,196,0.98,78,0.813,0,0
2026-09-22,FAC-009,370,200,196,0.98,85,0.888,0,0
2026-09-23,FAC-009,337,200,196,0.98,89,0.935,0,0
2026-09-24,FAC-009,358,200,196,0.98,81,0.851,0,0
2026-09-25,FAC-009,355,200,196,0.98,88,0.924,3,0
2026-09-26,FAC-009,310,200,196,0.98,96,1.0,0,0
2026-09-27,FAC-009,303,200,196,0.98,89,0.937,0,0
2026-04-01,FAC-010,245,329,255,0.778,51,0.883,0,0
2026-04-02,FAC-010,362,329,322,0.98,49,0.85,0,1
2026-04-03,FAC-010,231,329,212,0.645,43,0.746,0,0
2026-04-04,FAC-010,215,329,200,0.611,52,0.909,0,0
2026-04-05,FAC-010,222,329,255,0.775,58,1.0,0,0
2026-04-06,FAC-010,284,329,272,0.827,50,0.87,0,0
2026-04-07,FAC-010,278,329,233,0.71,51,0.881,0,0
2026-04-08,FAC-010,255,329,270,0.822,54,0.937,0,0
2026-04-09,FAC-010,245,329,234,0.712,53,0.927,0,0
2026-04-10,FAC-010,244,329,275,0.838,54,0.937,0,0
2026-04-11,FAC-010,225,329,235,0.715,50,0.872,0,0
2026-04-12,FAC-010,210,329,198,0.604,53,0.93,0,0
2026-04-13,FAC-010,265,329,253,0.772,54,0.945,0,0
2026-04-14,FAC-010,257,329,238,0.726,53,0.915,0,0
2026-04-15,FAC-010,240,329,195,0.595,52,0.9,0,0
2026-04-16,FAC-010,247,329,240,0.73,48,0.842,0,0
2026-04-17,FAC-010,287,329,269,0.819,50,0.874,0,0
2026-04-18,FAC-010,229,329,192,0.586,47,0.813,0,0
2026-04-19,FAC-010,229,329,217,0.66,49,0.846,0,0
2026-04-20,FAC-010,274,329,252,0.768,51,0.884,0,0
2026-04-21,FAC-010,243,329,250,0.763,56,0.98,0,0
2026-04-22,FAC-010,386,329,322,0.98,55,0.951,0,1
2026-04-23,FAC-010,253,329,223,0.679,53,0.925,0,0
2026-04-24,FAC-010,283,329,306,0.931,53,0.922,0,0
2026-04-25,FAC-010,225,329,201,0.612,55,0.952,0,0
2026-04-26,FAC-010,237,329,207,0.629,53,0.922,0,0
2026-04-27,FAC-010,276,329,299,0.909,51,0.896,0,0
2026-04-28,FAC-010,245,329,231,0.705,48,0.84,0,0
2026-04-29,FAC-010,262,329,255,0.777,58,1.0,0,0
2026-04-30,FAC-010,282,329,307,0.935,53,0.928,0,0
2026-05-01,FAC-010,255,329,247,0.753,51,0.889,2,0
2026-05-02,FAC-010,227,329,237,0.721,52,0.9,0,0
2026-05-03,FAC-010,218,329,202,0.615,47,0.816,0,0
2026-05-04,FAC-010,290,329,322,0.98,56,0.972,0,0
2026-05-05,FAC-010,237,329,257,0.783,55,0.961,0,0
2026-05-06,FAC-010,255,329,267,0.814,50,0.873,0,0
2026-05-07,FAC-010,296,329,305,0.929,49,0.845,0,0
2026-05-08,FAC-010,278,329,305,0.93,52,0.912,0,0
2026-05-09,FAC-010,233,329,231,0.703,48,0.832,0,0
2026-05-10,FAC-010,222,329,235,0.717,51,0.892,0,0
2026-05-11,FAC-010,281,329,270,0.823,51,0.88,0,0
2026-05-12,FAC-010,423,329,322,0.98,50,0.875,5,1
2026-05-13,FAC-010,384,329,322,0.98,49,0.856,0,1
2026-05-14,FAC-010,204,329,189,0.576,56,0.979,0,0
2026-05-15,FAC-010,221,329,195,0.596,53,0.926,0,0
2026-05-16,FAC-010,184,329,170,0.518,56,0.968,0,0
2026-05-17,FAC-010,262,329,269,0.82,48,0.844,2,0
2026-05-18,FAC-010,245,329,248,0.756,53,0.917,0,0
2026-05-19,FAC-010,305,329,322,0.98,52,0.905,0,0
2026-05-20,FAC-010,258,329,322,0.98,54,0.938,0,0
2026-05-21,FAC-010,251,329,245,0.745,49,0.847,0,0
2026-05-22,FAC-010,214,329,222,0.675,58,1.0,3,0
2026-05-23,FAC-010,196,329,197,0.6,49,0.858,0,0
2026-05-24,FAC-010,235,329,230,0.7,47,0.818,0,0
2026-05-25,FAC-010,245,329,223,0.678,56,0.981,2,0
2026-05-26,FAC-010,293,329,284,0.866,56,0.974,0,0
2026-05-27,FAC-010,262,329,253,0.77,52,0.903,0,0
2026-05-28,FAC-010,272,329,257,0.782,52,0.901,0,0
2026-05-29,FAC-010,283,329,286,0.871,52,0.903,0,0
2026-05-30,FAC-010,235,329,252,0.768,51,0.896,0,0
2026-05-31,FAC-010,218,329,222,0.678,46,0.804,0,0
2026-06-01,FAC-010,262,329,196,0.599,46,0.799,5,0
2026-06-02,FAC-010,228,329,255,0.777,52,0.901,0,0
2026-06-03,FAC-010,240,329,252,0.769,55,0.959,0,0
2026-06-04,FAC-010,278,329,273,0.83,53,0.914,0,0
2026-06-05,FAC-010,477,329,322,0.98,52,0.902,0,1
2026-06-06,FAC-010,222,329,179,0.546,55,0.955,0,0
2026-06-07,FAC-010,265,329,242,0.736,55,0.958,0,0
2026-06-08,FAC-010,249,329,252,0.767,57,0.99,0,0
2026-06-09,FAC-010,256,329,255,0.777,45,0.792,0,0
2026-06-10,FAC-010,253,329,202,0.616,53,0.926,0,0
2026-06-11,FAC-010,286,329,280,0.852,53,0.917,0,0
2026-06-12,FAC-010,261,329,280,0.853,52,0.908,0,0
2026-06-13,FAC-010,191,329,215,0.656,50,0.877,0,0
2026-06-14,FAC-010,205,329,193,0.588,45,0.786,0,0
2026-06-15,FAC-010,241,329,244,0.744,52,0.914,0,0
2026-06-16,FAC-010,275,329,275,0.836,49,0.858,0,0
2026-06-17,FAC-010,267,329,255,0.777,46,0.802,0,0
2026-06-18,FAC-010,252,329,275,0.837,57,0.995,0,0
2026-06-19,FAC-010,283,329,322,0.98,52,0.905,0,0
2026-06-20,FAC-010,260,329,314,0.955,46,0.796,0,0
2026-06-21,FAC-010,233,329,235,0.715,50,0.875,0,0
2026-06-22,FAC-010,280,329,281,0.854,49,0.856,0,0
2026-06-23,FAC-010,269,329,300,0.914,52,0.911,0,0
2026-06-24,FAC-010,283,329,275,0.838,53,0.927,0,0
2026-06-25,FAC-010,243,329,229,0.699,51,0.894,0,0
2026-06-26,FAC-010,242,329,220,0.669,53,0.919,0,0
2026-06-27,FAC-010,231,329,252,0.767,50,0.864,0,0
2026-06-28,FAC-010,230,329,212,0.645,54,0.942,0,0
2026-06-29,FAC-010,296,329,308,0.938,55,0.964,0,0
2026-06-30,FAC-010,271,329,292,0.888,52,0.905,0,0
2026-07-01,FAC-010,248,329,254,0.774,48,0.84,0,0
2026-07-02,FAC-010,434,329,322,0.98,54,0.939,0,1
2026-07-03,FAC-010,270,329,237,0.722,45,0.786,3,0
2026-07-04,FAC-010,244,329,284,0.866,49,0.856,0,0
2026-07-05,FAC-010,199,329,190,0.579,48,0.844,0,0
2026-07-06,FAC-010,256,329,272,0.827,52,0.897,0,0
2026-07-07,FAC-010,253,329,268,0.816,54,0.94,0,0
2026-07-08,FAC-010,264,329,267,0.813,54,0.931,0,0
2026-07-09,FAC-010,280,329,281,0.854,57,0.986,0,0
2026-07-10,FAC-010,284,329,272,0.827,50,0.873,0,0
2026-07-11,FAC-010,220,329,236,0.719,50,0.863,0,0
2026-07-12,FAC-010,223,329,250,0.762,52,0.911,0,0
2026-07-13,FAC-010,297,329,318,0.967,48,0.829,0,0
2026-07-14,FAC-010,269,329,295,0.897,47,0.827,0,0
2026-07-15,FAC-010,281,329,279,0.851,46,0.795,0,0
2026-07-16,FAC-010,274,329,251,0.766,48,0.83,0,0
2026-07-17,FAC-010,272,329,221,0.672,49,0.86,3,0
2026-07-18,FAC-010,278,329,295,0.897,49,0.847,0,0
2026-07-19,FAC-010,257,329,230,0.702,50,0.867,0,0
2026-07-20,FAC-010,247,329,253,0.771,56,0.982,0,0
2026-07-21,FAC-010,251,329,196,0.598,55,0.965,0,0
2026-07-22,FAC-010,306,329,253,0.77,53,0.928,0,0
2026-07-23,FAC-010,278,329,257,0.782,47,0.816,0,0
2026-07-24,FAC-010,294,329,298,0.908,53,0.915,0,0
2026-07-25,FAC-010,220,329,198,0.605,43,0.753,2,0
2026-07-26,FAC-010,228,329,265,0.808,49,0.847,0,0
2026-07-27,FAC-010,240,329,251,0.764,54,0.937,0,0
2026-07-28,FAC-010,260,329,250,0.762,53,0.916,0,0
2026-07-29,FAC-010,270,329,296,0.901,58,1.0,4,0
2026-07-30,FAC-010,236,329,268,0.816,52,0.906,0,0
2026-07-31,FAC-010,304,329,322,0.98,52,0.904,0,0
2026-08-01,FAC-010,247,329,236,0.719,49,0.854,0,0
2026-08-02,FAC-010,248,329,225,0.686,54,0.939,0,0
2026-08-03,FAC-010,275,329,213,0.65,50,0.866,0,0
2026-08-04,FAC-010,281,329,270,0.822,43,0.747,0,0
2026-08-05,FAC-010,303,329,307,0.935,53,0.927,0,0
2026-08-06,FAC-010,264,329,277,0.845,58,1.0,5,0
2026-08-07,FAC-010,258,329,301,0.918,53,0.924,0,0
2026-08-08,FAC-010,217,329,275,0.837,53,0.923,0,0
2026-08-09,FAC-010,246,329,238,0.726,49,0.852,0,0
2026-08-10,FAC-010,278,329,319,0.972,51,0.881,0,0
2026-08-11,FAC-010,274,329,312,0.949,51,0.882,0,0
2026-08-12,FAC-010,286,329,309,0.939,51,0.888,0,0
2026-08-13,FAC-010,282,329,299,0.91,50,0.876,0,0
2026-08-14,FAC-010,293,329,278,0.847,49,0.859,0,0
2026-08-15,FAC-010,205,329,191,0.583,49,0.851,0,0
2026-08-16,FAC-010,226,329,242,0.736,46,0.796,0,0
2026-08-17,FAC-010,232,329,212,0.645,53,0.928,0,0
2026-08-18,FAC-010,282,329,261,0.796,56,0.97,0,0
2026-08-19,FAC-010,261,329,273,0.83,50,0.878,0,0
2026-08-20,FAC-010,257,329,241,0.733,54,0.944,5,0
2026-08-21,FAC-010,284,329,309,0.941,53,0.922,0,0
2026-08-22,FAC-010,204,329,259,0.789,53,0.923,0,0
2026-08-23,FAC-010,244,329,234,0.711,56,0.967,0,0
2026-08-24,FAC-010,252,329,268,0.815,44,0.775,0,0
2026-08-25,FAC-010,291,329,262,0.798,53,0.917,0,0
2026-08-26,FAC-010,307,329,322,0.98,56,0.973,0,0
2026-08-27,FAC-010,401,329,322,0.98,54,0.936,0,1
2026-08-28,FAC-010,238,329,219,0.668,57,0.984,0,0
2026-08-29,FAC-010,228,329,178,0.544,58,1.0,0,0
2026-08-30,FAC-010,246,329,266,0.809,48,0.841,0,0
2026-08-31,FAC-010,283,329,289,0.881,49,0.851,0,0
2026-09-01,FAC-010,273,329,233,0.71,50,0.879,0,0
2026-09-02,FAC-010,299,329,279,0.849,58,1.0,0,0
2026-09-03,FAC-010,245,329,238,0.724,49,0.861,0,0
2026-09-04,FAC-010,274,329,310,0.943,48,0.841,3,0
2026-09-05,FAC-010,227,329,244,0.742,52,0.906,0,0
2026-09-06,FAC-010,239,329,213,0.649,51,0.896,0,0
2026-09-07,FAC-010,303,329,260,0.792,49,0.858,0,0
2026-09-08,FAC-010,238,329,252,0.766,56,0.974,1,0
2026-09-09,FAC-010,274,329,247,0.752,48,0.841,0,0
2026-09-10,FAC-010,272,329,264,0.803,55,0.955,0,0
2026-09-11,FAC-010,263,329,274,0.834,51,0.882,0,0
2026-09-12,FAC-010,222,329,213,0.648,53,0.92,0,0
2026-09-13,FAC-010,254,329,247,0.752,48,0.828,0,0
2026-09-14,FAC-010,301,329,277,0.843,53,0.916,0,0
2026-09-15,FAC-010,278,329,273,0.832,50,0.871,0,0
2026-09-16,FAC-010,293,329,198,0.604,56,0.968,0,0
2026-09-17,FAC-010,259,329,269,0.82,53,0.921,0,0
2026-09-18,FAC-010,308,329,313,0.952,49,0.85,0,0
2026-09-19,FAC-010,207,329,197,0.601,45,0.783,0,0
2026-09-20,FAC-010,225,329,217,0.66,49,0.859,0,0
2026-09-21,FAC-010,280,329,273,0.832,51,0.88,0,0
2026-09-22,FAC-010,225,329,190,0.58,54,0.939,0,0
2026-09-23,FAC-010,298,329,249,0.759,49,0.851,0,0
2026-09-24,FAC-010,304,329,285,0.867,51,0.893,0,0
2026-09-25,FAC-010,312,329,302,0.919,50,0.87,5,0
2026-09-26,FAC-010,235,329,283,0.863,53,0.927,0,0
2026-09-27,FAC-010,238,329,224,0.681,54,0.932,0,0
2026-04-01,FAC-011,171,78,76,0.98,33,0.951,0,0
2026-04-02,FAC-011,185,78,76,0.98,28,0.809,0,0
2026-04-03,FAC-011,165,78,76,0.98,30,0.858,0,0
2026-04-04,FAC-011,159,78,76,0.98,31,0.909,0,0
2026-04-05,FAC-011,139,78,76,0.98,32,0.914,0,0
2026-04-06,FAC-011,196,78,76,0.98,32,0.919,0,0
2026-04-07,FAC-011,167,78,76,0.98,32,0.932,0,0
2026-04-08,FAC-011,186,78,76,0.98,31,0.9,0,0
2026-04-09,FAC-011,162,78,76,0.98,31,0.888,1,0
2026-04-10,FAC-011,202,78,76,0.98,30,0.869,0,0
2026-04-11,FAC-011,148,78,76,0.98,30,0.857,0,0
2026-04-12,FAC-011,166,78,76,0.98,27,0.781,0,0
2026-04-13,FAC-011,177,78,76,0.98,31,0.902,0,0
2026-04-14,FAC-011,168,78,76,0.98,31,0.895,0,0
2026-04-15,FAC-011,183,78,76,0.98,33,0.958,0,0
2026-04-16,FAC-011,185,78,76,0.98,27,0.794,0,0
2026-04-17,FAC-011,176,78,76,0.98,31,0.906,0,0
2026-04-18,FAC-011,154,78,76,0.98,30,0.863,0,0
2026-04-19,FAC-011,157,78,76,0.98,32,0.921,0,0
2026-04-20,FAC-011,185,78,76,0.98,30,0.862,0,0
2026-04-21,FAC-011,173,78,76,0.98,33,0.945,0,0
2026-04-22,FAC-011,183,78,76,0.98,35,1.0,0,0
2026-04-23,FAC-011,191,78,76,0.98,30,0.873,0,0
2026-04-24,FAC-011,188,78,76,0.98,29,0.834,0,0
2026-04-25,FAC-011,171,78,76,0.98,30,0.862,0,0
2026-04-26,FAC-011,155,78,76,0.98,31,0.888,0,0
2026-04-27,FAC-011,186,78,76,0.98,33,0.965,0,0
2026-04-28,FAC-011,176,78,76,0.98,31,0.899,0,0
2026-04-29,FAC-011,191,78,76,0.98,30,0.88,0,0
2026-04-30,FAC-011,189,78,76,0.98,32,0.923,0,0
2026-05-01,FAC-011,181,78,76,0.98,31,0.89,0,0
2026-05-02,FAC-011,180,78,76,0.98,31,0.899,0,0
2026-05-03,FAC-011,153,78,76,0.98,35,1.0,0,0
2026-05-04,FAC-011,194,78,76,0.98,31,0.902,0,0
2026-05-05,FAC-011,151,78,76,0.98,31,0.908,0,0
2026-05-06,FAC-011,194,78,76,0.98,30,0.877,0,0
2026-05-07,FAC-011,181,78,76,0.98,30,0.877,0,0
2026-05-08,FAC-011,219,78,76,0.98,28,0.823,0,0
2026-05-09,FAC-011,158,78,76,0.98,26,0.768,0,0
2026-05-10,FAC-011,180,78,76,0.98,32,0.932,0,0
2026-05-11,FAC-011,269,78,76,0.98,30,0.871,0,1
2026-05-12,FAC-011,201,78,76,0.98,26,0.748,0,0
2026-05-13,FAC-011,185,78,76,0.98,31,0.908,0,0
2026-05-14,FAC-011,199,78,76,0.98,32,0.916,0,0
2026-05-15,FAC-011,206,78,76,0.98,32,0.93,0,0
2026-05-16,FAC-011,168,78,76,0.98,28,0.81,0,0
2026-05-17,FAC-011,150,78,76,0.98,33,0.945,4,0
2026-05-18,FAC-011,179,78,76,0.98,30,0.863,0,0
2026-05-19,FAC-011,205,78,76,0.98,31,0.889,0,0
2026-05-20,FAC-011,187,78,76,0.98,29,0.855,0,0
2026-05-21,FAC-011,209,78,76,0.98,31,0.89,0,0
2026-05-22,FAC-011,227,78,76,0.98,30,0.879,3,0
2026-05-23,FAC-011,145,78,76,0.98,35,1.0,0,0
2026-05-24,FAC-011,182,78,76,0.98,31,0.888,0,0
2026-05-25,FAC-011,183,78,76,0.98,35,1.0,0,0
2026-05-26,FAC-011,196,78,76,0.98,34,0.98,0,0
2026-05-27,FAC-011,174,78,76,0.98,31,0.89,0,0
2026-05-28,FAC-011,199,78,76,0.98,28,0.813,3,0
2026-05-29,FAC-011,190,78,76,0.98,31,0.898,0,0
2026-05-30,FAC-011,171,78,76,0.98,31,0.898,0,0
2026-05-31,FAC-011,153,78,76,0.98,31,0.902,0,0
2026-06-01,FAC-011,200,78,76,0.98,32,0.941,0,0
2026-06-02,FAC-011,194,78,76,0.98,31,0.9,0,0
2026-06-03,FAC-011,182,78,76,0.98,30,0.878,3,0
2026-06-04,FAC-011,175,78,76,0.98,30,0.86,0,0
2026-06-05,FAC-011,193,78,76,0.98,31,0.901,0,0
2026-06-06,FAC-011,186,78,76,0.98,34,0.999,0,0
2026-06-07,FAC-011,166,78,76,0.98,29,0.857,0,0
2026-06-08,FAC-011,180,78,76,0.98,33,0.971,0,0
2026-06-09,FAC-011,214,78,76,0.98,30,0.885,0,0
2026-06-10,FAC-011,179,78,76,0.98,33,0.967,1,0
2026-06-11,FAC-011,164,78,76,0.98,30,0.883,0,0
2026-06-12,FAC-011,192,78,76,0.98,31,0.889,0,0
2026-06-13,FAC-011,161,78,76,0.98,33,0.958,0,0
2026-06-14,FAC-011,167,78,76,0.98,28,0.824,0,0
2026-06-15,FAC-011,185,78,76,0.98,31,0.902,0,0
2026-06-16,FAC-011,201,78,76,0.98,33,0.962,0,0
2026-06-17,FAC-011,192,78,76,0.98,26,0.747,0,0
2026-06-18,FAC-011,188,78,76,0.98,32,0.923,0,0
2026-06-19,FAC-011,189,78,76,0.98,27,0.793,0,0
2026-06-20,FAC-011,150,78,76,0.98,35,1.0,0,0
2026-06-21,FAC-011,161,78,76,0.98,33,0.957,0,0
2026-06-22,FAC-011,179,78,76,0.98,29,0.856,0,0
2026-06-23,FAC-011,205,78,76,0.98,32,0.918,0,0
2026-06-24,FAC-011,179,78,76,0.98,35,1.0,0,0
2026-06-25,FAC-011,176,78,76,0.98,31,0.914,0,0
2026-06-26,FAC-011,204,78,76,0.98,25,0.73,4,0
2026-06-27,FAC-011,181,78,76,0.98,27,0.795,0,0
2026-06-28,FAC-011,155,78,76,0.98,34,0.987,0,0
2026-06-29,FAC-011,206,78,76,0.98,31,0.905,0,0
2026-06-30,FAC-011,190,78,76,0.98,29,0.847,0,0
2026-07-01,FAC-011,180,78,76,0.98,31,0.897,0,0
2026-07-02,FAC-011,213,78,76,0.98,31,0.897,0,0
2026-07-03,FAC-011,178,78,76,0.98,28,0.811,0,0
2026-07-04,FAC-011,157,78,76,0.98,32,0.942,0,0
2026-07-05,FAC-011,173,78,76,0.98,34,0.98,0,0
2026-07-06,FAC-011,231,78,76,0.98,30,0.862,0,0
2026-07-07,FAC-011,236,78,76,0.98,31,0.901,0,0
2026-07-08,FAC-011,195,78,76,0.98,32,0.922,5,0
2026-07-09,FAC-011,185,78,76,0.98,30,0.879,0,0
2026-07-10,FAC-011,177,78,76,0.98,30,0.866,0,0
2026-07-11,FAC-011,144,78,76,0.98,30,0.87,0,0
2026-07-12,FAC-011,147,78,76,0.98,31,0.904,0,0
2026-07-13,FAC-011,166,78,76,0.98,29,0.837,0,0
2026-07-14,FAC-011,220,78,76,0.98,30,0.876,0,0
2026-07-15,FAC-011,182,78,76,0.98,32,0.937,0,0
2026-07-16,FAC-011,193,78,76,0.98,31,0.904,0,0
2026-07-17,FAC-011,184,78,76,0.98,27,0.775,1,0
2026-07-18,FAC-011,177,78,76,0.98,29,0.854,0,0
2026-07-19,FAC-011,307,78,76,0.98,29,0.838,0,1
2026-07-20,FAC-011,207,78,76,0.98,32,0.924,0,0
2026-07-21,FAC-011,187,78,76,0.98,30,0.884,0,0
2026-07-22,FAC-011,202,78,76,0.98,30,0.874,0,0
2026-07-23,FAC-011,221,78,76,0.98,30,0.864,0,0
2026-07-24,FAC-011,187,78,76,0.98,26,0.768,0,0
2026-07-25,FAC-011,162,78,76,0.98,31,0.897,0,0
2026-07-26,FAC-011,163,78,76,0.98,33,0.961,0,0
2026-07-27,FAC-011,191,78,76,0.98,30,0.883,0,0
2026-07-28,FAC-011,203,78,76,0.98,30,0.862,0,0
2026-07-29,FAC-011,196,78,76,0.98,29,0.84,0,0
2026-07-30,FAC-011,195,78,76,0.98,27,0.794,0,0
2026-07-31,FAC-011,200,78,76,0.98,31,0.912,0,0
2026-08-01,FAC-011,165,78,76,0.98,31,0.897,0,0
2026-08-02,FAC-011,149,78,76,0.98,28,0.819,0,0
2026-08-03,FAC-011,192,78,76,0.98,32,0.934,0,0
2026-08-04,FAC-011,190,78,76,0.98,33,0.951,0,0
2026-08-05,FAC-011,195,78,76,0.98,29,0.841,0,0
2026-08-06,FAC-011,173,78,76,0.98,30,0.881,1,0
2026-08-07,FAC-011,205,78,76,0.98,31,0.912,0,0
2026-08-08,FAC-011,144,78,76,0.98,31,0.89,0,0
2026-08-09,FAC-011,175,78,76,0.98,32,0.918,0,0
2026-08-10,FAC-011,175,78,76,0.98,30,0.879,0,0
2026-08-11,FAC-011,196,78,76,0.98,28,0.826,0,0
2026-08-12,FAC-011,185,78,76,0.98,35,1.0,0,0
2026-08-13,FAC-011,193,78,76,0.98,31,0.894,2,0
2026-08-14,FAC-011,226,78,76,0.98,31,0.906,0,0
2026-08-15,FAC-011,145,78,76,0.98,32,0.918,0,0
2026-08-16,FAC-011,168,78,76,0.98,31,0.894,0,0
2026-08-17,FAC-011,245,78,76,0.98,32,0.931,0,0
2026-08-18,FAC-011,186,78,76,0.98,30,0.886,0,0
2026-08-19,FAC-011,190,78,76,0.98,33,0.971,2,0
2026-08-20,FAC-011,198,78,76,0.98,30,0.878,0,0
2026-08-21,FAC-011,239,78,76,0.98,33,0.966,0,0
2026-08-22,FAC-011,186,78,76,0.98,29,0.849,0,0
2026-08-23,FAC-011,134,78,76,0.98,29,0.851,0,0
2026-08-24,FAC-011,328,78,76,0.98,30,0.884,0,1
2026-08-25,FAC-011,197,78,76,0.98,29,0.833,0,0
2026-08-26,FAC-011,215,78,76,0.98,27,0.8,0,0
2026-08-27,FAC-011,195,78,76,0.98,31,0.91,0,0
2026-08-28,FAC-011,218,78,76,0.98,31,0.893,0,0
2026-08-29,FAC-011,152,78,76,0.98,31,0.911,0,0
2026-08-30,FAC-011,224,78,76,0.98,34,0.987,0,1
2026-08-31,FAC-011,178,78,76,0.98,32,0.922,0,0
2026-09-01,FAC-011,178,78,76,0.98,27,0.773,0,0
2026-09-02,FAC-011,209,78,76,0.98,35,1.0,0,0
2026-09-03,FAC-011,182,78,76,0.98,30,0.866,0,0
2026-09-04,FAC-011,201,78,76,0.98,32,0.937,0,0
2026-09-05,FAC-011,155,78,76,0.98,27,0.792,0,0
2026-09-06,FAC-011,138,78,76,0.98,30,0.882,0,0
2026-09-07,FAC-011,188,78,76,0.98,34,0.974,0,0
2026-09-08,FAC-011,192,78,76,0.98,30,0.866,0,0
2026-09-09,FAC-011,188,78,76,0.98,30,0.858,0,0
2026-09-10,FAC-011,187,78,76,0.98,30,0.862,0,0
2026-09-11,FAC-011,201,78,76,0.98,29,0.845,0,0
2026-09-12,FAC-011,185,78,76,0.98,28,0.803,0,0
2026-09-13,FAC-011,173,78,76,0.98,32,0.919,0,0
2026-09-14,FAC-011,160,78,76,0.98,32,0.94,0,0
2026-09-15,FAC-011,174,78,76,0.98,35,1.0,0,0
2026-09-16,FAC-011,187,78,76,0.98,26,0.764,0,0
2026-09-17,FAC-011,193,78,76,0.98,33,0.943,0,0
2026-09-18,FAC-011,176,78,76,0.98,32,0.927,0,0
2026-09-19,FAC-011,182,78,76,0.98,33,0.965,0,0
2026-09-20,FAC-011,169,78,76,0.98,31,0.896,0,0
2026-09-21,FAC-011,159,78,76,0.98,33,0.964,0,0
2026-09-22,FAC-011,185,78,76,0.98,31,0.889,0,0
2026-09-23,FAC-011,153,78,76,0.98,29,0.846,0,0
2026-09-24,FAC-011,207,78,76,0.98,34,0.975,0,0
2026-09-25,FAC-011,206,78,76,0.98,29,0.846,0,0
2026-09-26,FAC-011,180,78,76,0.98,32,0.939,4,0
2026-09-27,FAC-011,154,78,76,0.98,31,0.91,0,0
2026-04-01,FAC-012,189,221,201,0.91,73,0.832,4,0
2026-04-02,FAC-012,213,221,215,0.977,84,0.959,0,0
2026-04-03,FAC-012,191,221,179,0.813,82,0.934,0,0
2026-04-04,FAC-012,170,221,168,0.764,87,0.994,0,0
2026-04-05,FAC-012,178,221,142,0.646,83,0.948,0,0
2026-04-06,FAC-012,211,221,216,0.98,74,0.844,0,0
2026-04-07,FAC-012,205,221,206,0.937,74,0.843,0,0
2026-04-08,FAC-012,215,221,210,0.954,85,0.969,0,0
2026-04-09,FAC-012,188,221,162,0.734,77,0.885,3,0
2026-04-10,FAC-012,204,221,194,0.88,63,0.716,0,0
2026-04-11,FAC-012,175,221,181,0.822,82,0.941,0,0
2026-04-12,FAC-012,165,221,157,0.712,86,0.986,0,0
2026-04-13,FAC-012,175,221,170,0.772,79,0.909,2,0
2026-04-14,FAC-012,210,221,213,0.964,74,0.845,0,0
2026-04-15,FAC-012,220,221,216,0.98,70,0.8,0,0
2026-04-16,FAC-012,204,221,212,0.961,88,1.0,0,0
2026-04-17,FAC-012,208,221,181,0.823,71,0.813,0,0
2026-04-18,FAC-012,188,221,173,0.786,71,0.807,0,0
2026-04-19,FAC-012,185,221,176,0.799,84,0.957,0,0
2026-04-20,FAC-012,186,221,212,0.96,83,0.952,0,0
2026-04-21,FAC-012,190,221,160,0.727,88,1.0,0,0
2026-04-22,FAC-012,198,221,184,0.835,86,0.983,0,0
2026-04-23,FAC-012,217,221,216,0.98,78,0.894,0,0
2026-04-24,FAC-012,232,221,208,0.945,76,0.867,0,0
2026-04-25,FAC-012,177,221,197,0.894,82,0.94,0,0
2026-04-26,FAC-012,170,221,161,0.731,85,0.97,0,0
2026-04-27,FAC-012,214,221,198,0.898,74,0.846,0,0
2026-04-28,FAC-012,291,221,216,0.98,84,0.962,0,1
2026-04-29,FAC-012,209,221,216,0.98,80,0.912,0,0
2026-04-30,FAC-012,206,221,178,0.806,83,0.948,0,0
2026-05-01,FAC-012,193,221,192,0.871,76,0.872,0,0
2026-05-02,FAC-012,174,221,184,0.833,73,0.839,1,0
2026-05-03,FAC-012,175,221,167,0.756,86,0.979,3,0
2026-05-04,FAC-012,184,221,166,0.752,77,0.878,0,0
2026-05-05,FAC-012,187,221,183,0.828,76,0.868,0,0
2026-05-06,FAC-012,204,221,216,0.98,79,0.904,0,0
2026-05-07,FAC-012,205,221,186,0.843,78,0.892,0,0
2026-05-08,FAC-012,266,221,216,0.98,75,0.854,0,1
2026-05-09,FAC-012,160,221,165,0.749,88,1.0,0,0
2026-05-10,FAC-012,170,221,172,0.783,84,0.957,0,0
2026-05-11,FAC-012,211,221,216,0.98,78,0.894,0,0
2026-05-12,FAC-012,202,221,188,0.854,81,0.929,0,0
2026-05-13,FAC-012,211,221,216,0.98,76,0.871,0,0
2026-05-14,FAC-012,217,221,216,0.98,72,0.827,0,0
2026-05-15,FAC-012,199,221,216,0.98,75,0.861,0,0
2026-05-16,FAC-012,180,221,180,0.815,80,0.92,0,0
2026-05-17,FAC-012,174,221,187,0.847,73,0.839,0,0
2026-05-18,FAC-012,189,221,214,0.972,88,1.0,0,0
2026-05-19,FAC-012,204,221,216,0.98,75,0.854,2,0
2026-05-20,FAC-012,195,221,216,0.98,83,0.948,0,0
2026-05-21,FAC-012,230,221,216,0.98,73,0.839,0,0
2026-05-22,FAC-012,208,221,216,0.98,78,0.892,0,0
2026-05-23,FAC-012,169,221,177,0.803,76,0.866,0,0
2026-05-24,FAC-012,178,221,179,0.811,76,0.871,0,0
2026-05-25,FAC-012,220,221,216,0.98,77,0.879,0,0
2026-05-26,FAC-012,204,221,199,0.901,75,0.862,0,0
2026-05-27,FAC-012,177,221,168,0.762,75,0.863,0,0
2026-05-28,FAC-012,206,221,213,0.967,74,0.852,0,0
2026-05-29,FAC-012,211,221,194,0.878,78,0.892,0,0
2026-05-30,FAC-012,166,221,179,0.811,79,0.907,0,0
2026-05-31,FAC-012,172,221,160,0.728,77,0.88,0,0
2026-06-01,FAC-012,235,221,216,0.98,81,0.929,0,0
2026-06-02,FAC-012,203,221,210,0.955,83,0.95,0,0
2026-06-03,FAC-012,199,221,211,0.957,88,1.0,0,0
2026-06-04,FAC-012,215,221,216,0.98,81,0.929,0,0
2026-06-05,FAC-012,190,221,194,0.882,77,0.88,0,0
2026-06-06,FAC-012,166,221,164,0.745,78,0.891,0,0
2026-06-07,FAC-012,160,221,207,0.941,83,0.948,0,0
2026-06-08,FAC-012,210,221,211,0.957,85,0.972,3,0
2026-06-09,FAC-012,240,221,216,0.98,79,0.907,0,0
2026-06-10,FAC-012,230,221,216,0.98,81,0.926,0,0
2026-06-11,FAC-012,222,221,215,0.974,68,0.775,0,0
2026-06-12,FAC-012,199,221,212,0.962,82,0.942,0,0
2026-06-13,FAC-012,194,221,186,0.846,87,0.995,0,0
2026-06-14,FAC-012,178,221,188,0.854,83,0.954,0,0
2026-06-15,FAC-012,183,221,165,0.748,73,0.838,0,0
2026-06-16,FAC-012,224,221,216,0.98,88,1.0,0,0
2026-06-17,FAC-012,206,221,179,0.814,75,0.86,0,0
2026-06-18,FAC-012,208,221,216,0.98,74,0.841,0,0
2026-06-19,FAC-012,216,221,216,0.98,75,0.862,0,0
2026-06-20,FAC-012,203,221,193,0.876,73,0.84,0,0
2026-06-21,FAC-012,262,221,216,0.98,79,0.901,0,1
2026-06-22,FAC-012,199,221,172,0.783,77,0.877,0,0
2026-06-23,FAC-012,433,221,216,0.98,75,0.862,0,1
2026-06-24,FAC-012,237,221,216,0.98,76,0.866,4,0
2026-06-25,FAC-012,210,221,216,0.98,79,0.908,0,0
2026-06-26,FAC-012,237,221,216,0.98,85,0.968,0,0
2026-06-27,FAC-012,179,221,143,0.647,72,0.828,0,0
2026-06-28,FAC-012,162,221,157,0.713,88,1.0,0,0
2026-06-29,FAC-012,213,221,211,0.955,85,0.974,0,0
2026-06-30,FAC-012,183,221,174,0.789,75,0.862,0,0
2026-07-01,FAC-012,214,221,216,0.98,81,0.928,0,0
2026-07-02,FAC-012,216,221,209,0.948,80,0.919,0,0
2026-07-03,FAC-012,194,221,205,0.932,76,0.87,0,0
2026-07-04,FAC-012,161,221,161,0.732,69,0.785,0,0
2026-07-05,FAC-012,198,221,212,0.96,80,0.92,0,0
2026-07-06,FAC-012,181,221,168,0.763,79,0.902,2,0
2026-07-07,FAC-012,204,221,174,0.788,72,0.821,0,0
2026-07-08,FAC-012,203,221,180,0.816,86,0.982,0,0
2026-07-09,FAC-012,217,221,202,0.918,85,0.97,0,0
2026-07-10,FAC-012,298,221,216,0.98,78,0.898,0,1
2026-07-11,FAC-012,173,221,163,0.74,72,0.82,0,0
2026-07-12,FAC-012,199,221,189,0.859,79,0.902,0,0
2026-07-13,FAC-012,193,221,188,0.853,88,1.0,0,0
2026-07-14,FAC-012,197,221,216,0.98,79,0.898,0,0
2026-07-15,FAC-012,220,221,216,0.98,80,0.916,0,0
2026-07-16,FAC-012,203,221,199,0.904,78,0.891,0,0
2026-07-17,FAC-012,240,221,213,0.967,69,0.794,0,0
2026-07-18,FAC-012,153,221,137,0.621,82,0.942,0,0
2026-07-19,FAC-012,189,221,178,0.807,79,0.898,4,0
2026-07-20,FAC-012,191,221,172,0.782,82,0.935,0,0
2026-07-21,FAC-012,227,221,216,0.98,87,0.998,0,0
2026-07-22,FAC-012,226,221,216,0.98,77,0.882,0,0
2026-07-23,FAC-012,235,221,216,0.98,77,0.875,0,0
2026-07-24,FAC-012,207,221,190,0.861,73,0.831,0,0
2026-07-25,FAC-012,162,221,147,0.668,80,0.916,0,0
2026-07-26,FAC-012,167,221,171,0.775,80,0.916,0,0
2026-07-27,FAC-012,202,221,200,0.909,76,0.868,0,0
2026-07-28,FAC-012,205,221,190,0.863,79,0.905,0,0
2026-07-29,FAC-012,200,221,179,0.812,82,0.936,0,0
2026-07-30,FAC-012,221,221,216,0.98,73,0.839,0,0
2026-07-31,FAC-012,202,221,206,0.932,76,0.87,0,0
2026-08-01,FAC-012,187,221,195,0.886,81,0.929,0,0
2026-08-02,FAC-012,200,221,211,0.957,80,0.909,0,0
2026-08-03,FAC-012,207,221,204,0.927,73,0.836,0,0
2026-08-04,FAC-012,181,221,189,0.856,85,0.973,0,0
2026-08-05,FAC-012,205,221,216,0.98,78,0.889,0,0
2026-08-06,FAC-012,178,221,194,0.879,76,0.871,0,0
2026-08-07,FAC-012,228,221,205,0.929,81,0.925,0,0
2026-08-08,FAC-012,221,221,216,0.98,83,0.946,0,1
2026-08-09,FAC-012,187,221,188,0.852,71,0.817,0,0
2026-08-10,FAC-012,224,221,216,0.98,73,0.837,0,0
2026-08-11,FAC-012,196,221,214,0.973,78,0.887,0,0
2026-08-12,FAC-012,197,221,201,0.913,75,0.862,0,0
2026-08-13,FAC-012,214,221,206,0.935,77,0.88,0,0
2026-08-14,FAC-012,230,221,186,0.843,82,0.933,0,0
2026-08-15,FAC-012,193,221,182,0.824,84,0.956,0,0
2026-08-16,FAC-012,166,221,154,0.698,75,0.853,0,0
2026-08-17,FAC-012,228,221,197,0.892,87,0.998,0,0
2026-08-18,FAC-012,207,221,216,0.98,81,0.932,0,0
2026-08-19,FAC-012,215,221,204,0.925,85,0.975,0,0
2026-08-20,FAC-012,203,221,190,0.86,83,0.953,0,0
2026-08-21,FAC-012,215,221,216,0.98,78,0.896,0,0
2026-08-22,FAC-012,171,221,175,0.796,76,0.873,0,0
2026-08-23,FAC-012,171,221,185,0.84,88,1.0,0,0
2026-08-24,FAC-012,208,221,190,0.863,78,0.891,0,0
2026-08-25,FAC-012,221,221,216,0.98,85,0.972,0,0
2026-08-26,FAC-012,224,221,204,0.925,76,0.87,0,0
2026-08-27,FAC-012,189,221,209,0.947,68,0.78,0,0
2026-08-28,FAC-012,191,221,181,0.823,82,0.934,0,0
2026-08-29,FAC-012,173,221,166,0.754,77,0.879,0,0
2026-08-30,FAC-012,183,221,161,0.73,74,0.843,5,0
2026-08-31,FAC-012,242,221,216,0.98,83,0.946,0,0
2026-09-01,FAC-012,369,221,216,0.98,81,0.927,0,1
2026-09-02,FAC-012,226,221,216,0.98,78,0.892,0,0
2026-09-03,FAC-012,230,221,186,0.843,83,0.954,0,0
2026-09-04,FAC-012,206,221,215,0.976,75,0.861,0,0
2026-09-05,FAC-012,162,221,168,0.76,71,0.81,0,0
2026-09-06,FAC-012,176,221,161,0.731,78,0.889,0,0
2026-09-07,FAC-012,227,221,216,0.98,80,0.919,0,0
2026-09-08,FAC-012,226,221,215,0.974,76,0.864,2,0
2026-09-09,FAC-012,237,221,216,0.98,81,0.931,1,0
2026-09-10,FAC-012,223,221,201,0.913,75,0.854,0,0
2026-09-11,FAC-012,220,221,183,0.83,78,0.887,0,0
2026-09-12,FAC-012,169,221,188,0.854,81,0.921,0,0
2026-09-13,FAC-012,199,221,198,0.897,78,0.893,0,0
2026-09-14,FAC-012,209,221,200,0.905,88,1.0,0,0
2026-09-15,FAC-012,228,221,209,0.946,88,1.0,0,0
2026-09-16,FAC-012,207,221,212,0.962,84,0.956,0,0
2026-09-17,FAC-012,188,221,173,0.784,87,0.999,1,0
2026-09-18,FAC-012,211,221,216,0.98,76,0.873,0,0
2026-09-19,FAC-012,181,221,212,0.962,81,0.926,0,0
2026-09-20,FAC-012,177,221,164,0.746,76,0.864,5,0
2026-09-21,FAC-012,236,221,216,0.98,73,0.831,1,0
2026-09-22,FAC-012,216,221,214,0.972,80,0.919,2,0
2026-09-23,FAC-012,205,221,216,0.98,79,0.9,0,0
2026-09-24,FAC-012,222,221,208,0.942,75,0.856,0,0
2026-09-25,FAC-012,261,221,216,0.98,78,0.896,0,0
2026-09-26,FAC-012,205,221,216,0.98,75,0.862,0,0
2026-09-27,FAC-012,172,221,183,0.832,80,0.916,0,0
2026-04-01,FAC-013,202,44,43,0.98,23,0.86,0,0
2026-04-02,FAC-013,188,44,43,0.98,24,0.916,0,0
2026-04-03,FAC-013,198,44,43,0.98,24,0.925,0,0
2026-04-04,FAC-013,166,44,43,0.98,23,0.874,0,0
2026-04-05,FAC-013,194,44,43,0.98,27,1.0,0,0
2026-04-06,FAC-013,221,44,43,0.98,25,0.94,0,0
2026-04-07,FAC-013,204,44,43,0.98,23,0.879,0,0
2026-04-08,FAC-013,233,44,43,0.98,25,0.94,0,0
2026-04-09,FAC-013,212,44,43,0.98,24,0.917,0,0
2026-04-10,FAC-013,217,44,43,0.98,23,0.884,0,0
2026-04-11,FAC-013,181,44,43,0.98,23,0.872,0,0
2026-04-12,FAC-013,183,44,43,0.98,22,0.827,0,0
2026-04-13,FAC-013,214,44,43,0.98,24,0.917,0,0
2026-04-14,FAC-013,176,44,43,0.98,23,0.88,0,0
2026-04-15,FAC-013,182,44,43,0.98,26,0.971,0,0
2026-04-16,FAC-013,188,44,43,0.98,27,1.0,0,0
2026-04-17,FAC-013,191,44,43,0.98,23,0.883,0,0
2026-04-18,FAC-013,179,44,43,0.98,23,0.871,0,0
2026-04-19,FAC-013,187,44,43,0.98,23,0.861,0,0
2026-04-20,FAC-013,196,44,43,0.98,23,0.888,0,0
2026-04-21,FAC-013,326,44,43,0.98,18,0.692,0,1
2026-04-22,FAC-013,204,44,43,0.98,21,0.8,0,0
2026-04-23,FAC-013,202,44,43,0.98,24,0.899,0,0
2026-04-24,FAC-013,232,44,43,0.98,25,0.927,3,0
2026-04-25,FAC-013,161,44,43,0.98,25,0.951,0,0
2026-04-26,FAC-013,187,44,43,0.98,24,0.916,0,0
2026-04-27,FAC-013,215,44,43,0.98,24,0.893,0,0
2026-04-28,FAC-013,226,44,43,0.98,23,0.881,0,0
2026-04-29,FAC-013,211,44,43,0.98,24,0.92,3,0
2026-04-30,FAC-013,216,44,43,0.98,24,0.908,0,0
2026-05-01,FAC-013,243,44,43,0.98,23,0.87,0,0
2026-05-02,FAC-013,174,44,43,0.98,25,0.929,0,0
2026-05-03,FAC-013,186,44,43,0.98,24,0.889,0,0
2026-05-04,FAC-013,222,44,43,0.98,22,0.837,0,0
2026-05-05,FAC-013,241,44,43,0.98,25,0.939,3,0
2026-05-06,FAC-013,192,44,43,0.98,27,1.0,0,0
2026-05-07,FAC-013,206,44,43,0.98,24,0.911,0,0
2026-05-08,FAC-013,193,44,43,0.98,23,0.856,0,0
2026-05-09,FAC-013,172,44,43,0.98,26,0.98,0,0
2026-05-10,FAC-013,349,44,43,0.98,24,0.923,0,1
2026-05-11,FAC-013,209,44,43,0.98,26,0.996,5,0
2026-05-12,FAC-013,210,44,43,0.98,25,0.961,0,0
2026-05-13,FAC-013,210,44,43,0.98,23,0.875,0,0
2026-05-14,FAC-013,229,44,43,0.98,26,0.979,0,0
2026-05-15,FAC-013,200,44,43,0.98,27,1.0,0,0
2026-05-16,FAC-013,176,44,43,0.98,27,1.0,0,0
2026-05-17,FAC-013,153,44,43,0.98,24,0.9,0,0
2026-05-18,FAC-013,181,44,43,0.98,22,0.842,0,0
2026-05-19,FAC-013,227,44,43,0.98,27,1.0,0,0
2026-05-20,FAC-013,224,44,43,0.98,25,0.962,0,0
2026-05-21,FAC-013,222,44,43,0.98,23,0.857,0,0
2026-05-22,FAC-013,222,44,43,0.98,23,0.859,0,0
2026-05-23,FAC-013,161,44,43,0.98,23,0.87,0,0
2026-05-24,FAC-013,197,44,43,0.98,23,0.873,0,0
2026-05-25,FAC-013,205,44,43,0.98,24,0.916,0,0
2026-05-26,FAC-013,217,44,43,0.98,24,0.893,0,0
2026-05-27,FAC-013,213,44,43,0.98,25,0.944,0,0
2026-05-28,FAC-013,226,44,43,0.98,23,0.87,0,0
2026-05-29,FAC-013,201,44,43,0.98,27,1.0,0,0
2026-05-30,FAC-013,174,44,43,0.98,25,0.951,0,0
2026-05-31,FAC-013,171,44,43,0.98,24,0.899,0,0
2026-06-01,FAC-013,183,44,43,0.98,23,0.88,0,0
2026-06-02,FAC-013,234,44,43,0.98,23,0.868,0,0
2026-06-03,FAC-013,217,44,43,0.98,24,0.918,0,0
2026-06-04,FAC-013,187,44,43,0.98,22,0.851,0,0
2026-06-05,FAC-013,197,44,43,0.98,25,0.948,0,0
2026-06-06,FAC-013,187,44,43,0.98,24,0.913,0,0
2026-06-07,FAC-013,187,44,43,0.98,23,0.876,0,0
2026-06-08,FAC-013,225,44,43,0.98,26,0.965,0,0
2026-06-09,FAC-013,227,44,43,0.98,25,0.931,0,0
2026-06-10,FAC-013,230,44,43,0.98,25,0.957,0,0
2026-06-11,FAC-013,234,44,43,0.98,24,0.907,0,0
2026-06-12,FAC-013,208,44,43,0.98,22,0.84,0,0
2026-06-13,FAC-013,182,44,43,0.98,23,0.854,0,0
2026-06-14,FAC-013,183,44,43,0.98,22,0.842,0,0
2026-06-15,FAC-013,193,44,43,0.98,23,0.887,0,0
2026-06-16,FAC-013,251,44,43,0.98,24,0.913,0,0
2026-06-17,FAC-013,224,44,43,0.98,25,0.941,0,0
2026-06-18,FAC-013,209,44,43,0.98,24,0.892,0,0
2026-06-19,FAC-013,232,44,43,0.98,22,0.834,2,0
2026-06-20,FAC-013,157,44,43,0.98,22,0.838,0,0
2026-06-21,FAC-013,176,44,43,0.98,24,0.897,0,0
2026-06-22,FAC-013,301,44,43,0.98,27,1.0,0,1
2026-06-23,FAC-013,213,44,43,0.98,25,0.939,0,0
2026-06-24,FAC-013,221,44,43,0.98,23,0.887,4,0
2026-06-25,FAC-013,201,44,43,0.98,21,0.79,0,0
2026-06-26,FAC-013,210,44,43,0.98,25,0.951,0,0
2026-06-27,FAC-013,201,44,43,0.98,24,0.912,0,0
2026-06-28,FAC-013,187,44,43,0.98,25,0.962,0,0
2026-06-29,FAC-013,206,44,43,0.98,24,0.923,0,0
2026-06-30,FAC-013,214,44,43,0.98,24,0.901,2,0
2026-07-01,FAC-013,219,44,43,0.98,22,0.845,0,0
2026-07-02,FAC-013,230,44,43,0.98,25,0.928,0,0
2026-07-03,FAC-013,353,44,43,0.98,25,0.939,0,1
2026-07-04,FAC-013,177,44,43,0.98,21,0.781,0,0
2026-07-05,FAC-013,182,44,43,0.98,23,0.887,0,0
2026-07-06,FAC-013,205,44,43,0.98,26,0.971,0,0
2026-07-07,FAC-013,194,44,43,0.98,23,0.858,0,0
2026-07-08,FAC-013,208,44,43,0.98,23,0.878,0,0
2026-07-09,FAC-013,222,44,43,0.98,25,0.937,0,0
2026-07-10,FAC-013,184,44,43,0.98,25,0.927,0,0
2026-07-11,FAC-013,174,44,43,0.98,26,0.965,0,0
2026-07-12,FAC-013,182,44,43,0.98,26,0.999,0,0
2026-07-13,FAC-013,217,44,43,0.98,24,0.904,0,0
2026-07-14,FAC-013,257,44,43,0.98,24,0.899,0,0
2026-07-15,FAC-013,203,44,43,0.98,22,0.838,0,0
2026-07-16,FAC-013,203,44,43,0.98,25,0.953,0,0
2026-07-17,FAC-013,220,44,43,0.98,24,0.897,0,0
2026-07-18,FAC-013,186,44,43,0.98,23,0.854,0,0
2026-07-19,FAC-013,189,44,43,0.98,26,0.969,0,0
2026-07-20,FAC-013,225,44,43,0.98,22,0.825,0,0
2026-07-21,FAC-013,204,44,43,0.98,20,0.751,0,0
2026-07-22,FAC-013,225,44,43,0.98,24,0.924,0,0
2026-07-23,FAC-013,219,44,43,0.98,26,0.98,0,0
2026-07-24,FAC-013,218,44,43,0.98,23,0.882,5,0
2026-07-25,FAC-013,198,44,43,0.98,21,0.79,0,0
2026-07-26,FAC-013,217,44,43,0.98,21,0.783,0,0
2026-07-27,FAC-013,218,44,43,0.98,25,0.943,0,0
2026-07-28,FAC-013,249,44,43,0.98,22,0.84,0,0
2026-07-29,FAC-013,218,44,43,0.98,19,0.737,0,0
2026-07-30,FAC-013,215,44,43,0.98,24,0.899,0,0
2026-07-31,FAC-013,230,44,43,0.98,22,0.838,0,0
2026-08-01,FAC-013,187,44,43,0.98,23,0.869,0,0
2026-08-02,FAC-013,187,44,43,0.98,22,0.823,0,0
2026-08-03,FAC-013,200,44,43,0.98,25,0.95,0,0
2026-08-04,FAC-013,215,44,43,0.98,25,0.956,0,0
2026-08-05,FAC-013,206,44,43,0.98,22,0.819,0,0
2026-08-06,FAC-013,238,44,43,0.98,27,1.0,0,0
2026-08-07,FAC-013,200,44,43,0.98,26,0.975,0,0
2026-08-08,FAC-013,164,44,43,0.98,26,0.971,0,0
2026-08-09,FAC-013,192,44,43,0.98,24,0.924,0,0
2026-08-10,FAC-013,234,44,43,0.98,22,0.827,0,0
2026-08-11,FAC-013,252,44,43,0.98,25,0.931,1,0
2026-08-12,FAC-013,232,44,43,0.98,26,0.963,0,0
2026-08-13,FAC-013,222,44,43,0.98,24,0.925,0,0
2026-08-14,FAC-013,239,44,43,0.98,25,0.939,0,0
2026-08-15,FAC-013,174,44,43,0.98,24,0.922,0,0
2026-08-16,FAC-013,181,44,43,0.98,24,0.901,0,0
2026-08-17,FAC-013,217,44,43,0.98,22,0.839,0,0
2026-08-18,FAC-013,218,44,43,0.98,23,0.865,0,0
2026-08-19,FAC-013,212,44,43,0.98,25,0.946,0,0
2026-08-20,FAC-013,205,44,43,0.98,23,0.879,0,0
2026-08-21,FAC-013,219,44,43,0.98,24,0.911,0,0
2026-08-22,FAC-013,193,44,43,0.98,25,0.938,0,0
2026-08-23,FAC-013,196,44,43,0.98,22,0.827,0,0
2026-08-24,FAC-013,211,44,43,0.98,23,0.859,0,0
2026-08-25,FAC-013,249,44,43,0.98,24,0.909,0,0
2026-08-26,FAC-013,218,44,43,0.98,22,0.85,0,0
2026-08-27,FAC-013,209,44,43,0.98,25,0.953,0,0
2026-08-28,FAC-013,223,44,43,0.98,26,0.973,0,0
2026-08-29,FAC-013,189,44,43,0.98,22,0.84,0,0
2026-08-30,FAC-013,207,44,43,0.98,23,0.865,0,0
2026-08-31,FAC-013,210,44,43,0.98,23,0.866,0,0
2026-09-01,FAC-013,239,44,43,0.98,22,0.827,0,0
2026-09-02,FAC-013,216,44,43,0.98,24,0.893,0,0
2026-09-03,FAC-013,219,44,43,0.98,23,0.853,0,0
2026-09-04,FAC-013,222,44,43,0.98,21,0.812,0,0
2026-09-05,FAC-013,208,44,43,0.98,24,0.905,0,0
2026-09-06,FAC-013,196,44,43,0.98,20,0.772,0,0
2026-09-07,FAC-013,220,44,43,0.98,22,0.831,0,0
2026-09-08,FAC-013,207,44,43,0.98,24,0.907,0,0
2026-09-09,FAC-013,297,44,43,0.98,22,0.844,0,1
2026-09-10,FAC-013,209,44,43,0.98,24,0.906,0,0
2026-09-11,FAC-013,215,44,43,0.98,23,0.885,0,0
2026-09-12,FAC-013,177,44,43,0.98,21,0.806,0,0
2026-09-13,FAC-013,186,44,43,0.98,25,0.956,0,0
2026-09-14,FAC-013,219,44,43,0.98,25,0.941,0,0
2026-09-15,FAC-013,182,44,43,0.98,26,0.969,0,0
2026-09-16,FAC-013,226,44,43,0.98,22,0.825,0,0
2026-09-17,FAC-013,242,44,43,0.98,23,0.861,0,0
2026-09-18,FAC-013,212,44,43,0.98,25,0.932,0,0
2026-09-19,FAC-013,163,44,43,0.98,23,0.886,0,0
2026-09-20,FAC-013,194,44,43,0.98,23,0.869,0,0
2026-09-21,FAC-013,227,44,43,0.98,27,1.0,0,0
2026-09-22,FAC-013,226,44,43,0.98,27,1.0,0,0
2026-09-23,FAC-013,199,44,43,0.98,22,0.843,0,0
2026-09-24,FAC-013,235,44,43,0.98,25,0.935,0,0
2026-09-25,FAC-013,233,44,43,0.98,25,0.931,0,0
2026-09-26,FAC-013,187,44,43,0.98,25,0.961,0,0
2026-09-27,FAC-013,356,44,43,0.98,25,0.944,4,1
2026-04-01,FAC-014,194,42,41,0.98,22,0.924,0,0
2026-04-02,FAC-014,322,42,41,0.98,22,0.94,0,1
2026-04-03,FAC-014,163,42,41,0.98,21,0.876,0,0
2026-04-04,FAC-014,148,42,41,0.98,21,0.882,5,0
2026-04-05,FAC-014,302,42,41,0.98,20,0.86,0,1
2026-04-06,FAC-014,193,42,41,0.98,22,0.942,0,0
2026-04-07,FAC-014,179,42,41,0.98,22,0.93,0,0
2026-04-08,FAC-014,159,42,41,0.98,22,0.946,0,0
2026-04-09,FAC-014,173,42,41,0.98,23,0.99,5,0
2026-04-10,FAC-014,204,42,41,0.98,23,0.959,0,0
2026-04-11,FAC-014,188,42,41,0.98,21,0.876,4,0
2026-04-12,FAC-014,177,42,41,0.98,20,0.844,0,0
2026-04-13,FAC-014,185,42,41,0.98,20,0.873,0,0
2026-04-14,FAC-014,188,42,41,0.98,23,0.986,0,0
2026-04-15,FAC-014,188,42,41,0.98,20,0.864,0,0
2026-04-16,FAC-014,206,42,41,0.98,20,0.87,0,0
2026-04-17,FAC-014,194,42,41,0.98,20,0.858,0,0
2026-04-18,FAC-014,144,42,41,0.98,20,0.861,0,0
2026-04-19,FAC-014,171,42,41,0.98,21,0.903,0,0
2026-04-20,FAC-014,187,42,41,0.98,19,0.832,4,0
2026-04-21,FAC-014,185,42,41,0.98,23,0.984,0,0
2026-04-22,FAC-014,214,42,41,0.98,23,0.984,0,0
2026-04-23,FAC-014,190,42,41,0.98,24,1.0,0,0
2026-04-24,FAC-014,203,42,41,0.98,23,0.994,0,0
2026-04-25,FAC-014,155,42,41,0.98,23,0.961,0,0
2026-04-26,FAC-014,183,42,41,0.98,23,0.988,0,0
2026-04-27,FAC-014,208,42,41,0.98,21,0.885,0,0
2026-04-28,FAC-014,219,42,41,0.98,23,0.983,0,0
2026-04-29,FAC-014,208,42,41,0.98,21,0.908,0,0
2026-04-30,FAC-014,226,42,41,0.98,20,0.863,0,0
2026-05-01,FAC-014,205,42,41,0.98,20,0.853,0,0
2026-05-02,FAC-014,169,42,41,0.98,18,0.779,0,0
2026-05-03,FAC-014,177,42,41,0.98,21,0.912,0,0
2026-05-04,FAC-014,213,42,41,0.98,22,0.947,0,0
2026-05-05,FAC-014,227,42,41,0.98,22,0.935,0,0
2026-05-06,FAC-014,283,42,41,0.98,22,0.945,0,1
2026-05-07,FAC-014,212,42,41,0.98,21,0.905,0,0
2026-05-08,FAC-014,180,42,41,0.98,21,0.902,0,0
2026-05-09,FAC-014,154,42,41,0.98,22,0.922,0,0
2026-05-10,FAC-014,146,42,41,0.98,20,0.875,0,0
2026-05-11,FAC-014,303,42,41,0.98,22,0.956,0,1
2026-05-12,FAC-014,218,42,41,0.98,19,0.797,0,0
2026-05-13,FAC-014,224,42,41,0.98,24,1.0,0,0
2026-05-14,FAC-014,276,42,41,0.98,21,0.899,0,1
2026-05-15,FAC-014,193,42,41,0.98,22,0.931,0,0
2026-05-16,FAC-014,165,42,41,0.98,23,0.963,0,0
2026-05-17,FAC-014,175,42,41,0.98,22,0.936,0,0
2026-05-18,FAC-014,209,42,41,0.98,22,0.934,0,0
2026-05-19,FAC-014,188,42,41,0.98,21,0.888,0,0
2026-05-20,FAC-014,206,42,41,0.98,22,0.94,0,0
2026-05-21,FAC-014,181,42,41,0.98,23,0.959,0,0
2026-05-22,FAC-014,204,42,41,0.98,24,1.0,0,0
2026-05-23,FAC-014,181,42,41,0.98,22,0.939,0,0
2026-05-24,FAC-014,178,42,41,0.98,20,0.875,0,0
2026-05-25,FAC-014,213,42,41,0.98,21,0.877,0,0
2026-05-26,FAC-014,196,42,41,0.98,20,0.848,0,0
2026-05-27,FAC-014,211,42,41,0.98,21,0.905,0,0
2026-05-28,FAC-014,219,42,41,0.98,23,0.993,0,0
2026-05-29,FAC-014,189,42,41,0.98,21,0.883,0,0
2026-05-30,FAC-014,130,42,41,0.98,20,0.838,0,0
2026-05-31,FAC-014,160,42,41,0.98,21,0.907,0,0
2026-06-01,FAC-014,191,42,41,0.98,23,0.978,0,0
2026-06-02,FAC-014,209,42,41,0.98,20,0.864,0,0
2026-06-03,FAC-014,175,42,41,0.98,21,0.889,0,0
2026-06-04,FAC-014,208,42,41,0.98,22,0.923,4,0
2026-06-05,FAC-014,201,42,41,0.98,19,0.802,0,0
2026-06-06,FAC-014,183,42,41,0.98,22,0.932,0,0
2026-06-07,FAC-014,148,42,41,0.98,23,0.986,0,0
2026-06-08,FAC-014,189,42,41,0.98,21,0.903,0,0
2026-06-09,FAC-014,210,42,41,0.98,21,0.905,0,0
2026-06-10,FAC-014,205,42,41,0.98,21,0.916,0,0
2026-06-11,FAC-014,156,42,41,0.98,22,0.933,0,0
2026-06-12,FAC-014,217,42,41,0.98,19,0.817,0,0
2026-06-13,FAC-014,183,42,41,0.98,22,0.937,0,0
2026-06-14,FAC-014,154,42,41,0.98,20,0.843,0,0
2026-06-15,FAC-014,201,42,41,0.98,22,0.931,0,0
2026-06-16,FAC-014,199,42,41,0.98,21,0.917,0,0
2026-06-17,FAC-014,171,42,41,0.98,21,0.878,0,0
2026-06-18,FAC-014,192,42,41,0.98,23,0.982,0,0
2026-06-19,FAC-014,226,42,41,0.98,23,0.969,0,0
2026-06-20,FAC-014,164,42,41,0.98,20,0.872,5,0
2026-06-21,FAC-014,196,42,41,0.98,23,0.976,0,0
2026-06-22,FAC-014,219,42,41,0.98,19,0.813,0,0
2026-06-23,FAC-014,198,42,41,0.98,23,0.977,0,0
2026-06-24,FAC-014,335,42,41,0.98,23,0.959,0,1
2026-06-25,FAC-014,196,42,41,0.98,22,0.919,0,0
2026-06-26,FAC-014,208,42,41,0.98,21,0.888,0,0
2026-06-27,FAC-014,179,42,41,0.98,19,0.806,0,0
2026-06-28,FAC-014,187,42,41,0.98,20,0.869,0,0
2026-06-29,FAC-014,169,42,41,0.98,20,0.86,0,0
2026-06-30,FAC-014,209,42,41,0.98,19,0.807,0,0
2026-07-01,FAC-014,188,42,41,0.98,23,0.978,0,0
2026-07-02,FAC-014,258,42,41,0.98,19,0.802,0,0
2026-07-03,FAC-014,195,42,41,0.98,22,0.943,0,0
2026-07-04,FAC-014,176,42,41,0.98,20,0.85,0,0
2026-07-05,FAC-014,166,42,41,0.98,21,0.897,0,0
2026-07-06,FAC-014,202,42,41,0.98,21,0.876,1,0
2026-07-07,FAC-014,192,42,41,0.98,21,0.887,4,0
2026-07-08,FAC-014,205,42,41,0.98,21,0.879,0,0
2026-07-09,FAC-014,220,42,41,0.98,22,0.922,0,0
2026-07-10,FAC-014,211,42,41,0.98,20,0.858,0,0
2026-07-11,FAC-014,188,42,41,0.98,20,0.855,0,0
2026-07-12,FAC-014,145,42,41,0.98,22,0.933,0,0
2026-07-13,FAC-014,191,42,41,0.98,23,0.985,4,0
2026-07-14,FAC-014,200,42,41,0.98,22,0.941,0,0
2026-07-15,FAC-014,184,42,41,0.98,22,0.944,0,0
2026-07-16,FAC-014,202,42,41,0.98,21,0.902,0,0
2026-07-17,FAC-014,218,42,41,0.98,22,0.927,0,0
2026-07-18,FAC-014,188,42,41,0.98,24,1.0,0,0
2026-07-19,FAC-014,164,42,41,0.98,20,0.834,0,0
2026-07-20,FAC-014,233,42,41,0.98,21,0.896,0,0
2026-07-21,FAC-014,202,42,41,0.98,21,0.905,0,0
2026-07-22,FAC-014,189,42,41,0.98,21,0.898,0,0
2026-07-23,FAC-014,228,42,41,0.98,22,0.956,0,0
2026-07-24,FAC-014,189,42,41,0.98,22,0.927,0,0
2026-07-25,FAC-014,196,42,41,0.98,22,0.95,0,0
2026-07-26,FAC-014,193,42,41,0.98,21,0.891,0,0
2026-07-27,FAC-014,210,42,41,0.98,19,0.816,0,0
2026-07-28,FAC-014,207,42,41,0.98,20,0.853,0,0
2026-07-29,FAC-014,202,42,41,0.98,19,0.809,0,0
2026-07-30,FAC-014,204,42,41,0.98,21,0.879,0,0
2026-07-31,FAC-014,187,42,41,0.98,22,0.933,0,0
2026-08-01,FAC-014,196,42,41,0.98,23,0.978,0,0
2026-08-02,FAC-014,158,42,41,0.98,23,0.961,0,0
2026-08-03,FAC-014,180,42,41,0.98,22,0.957,0,0
2026-08-04,FAC-014,207,42,41,0.98,19,0.802,0,0
2026-08-05,FAC-014,225,42,41,0.98,22,0.938,0,0
2026-08-06,FAC-014,195,42,41,0.98,20,0.837,0,0
2026-08-07,FAC-014,246,42,41,0.98,22,0.934,0,0
2026-08-08,FAC-014,162,42,41,0.98,21,0.894,0,0
2026-08-09,FAC-014,198,42,41,0.98,22,0.933,0,0
2026-08-10,FAC-014,212,42,41,0.98,19,0.817,0,0
2026-08-11,FAC-014,237,42,41,0.98,21,0.898,0,0
2026-08-12,FAC-014,229,42,41,0.98,22,0.948,0,0
2026-08-13,FAC-014,196,42,41,0.98,21,0.91,0,0
2026-08-14,FAC-014,207,42,41,0.98,23,0.976,0,0
2026-08-15,FAC-014,175,42,41,0.98,20,0.87,0,0
2026-08-16,FAC-014,177,42,41,0.98,22,0.953,0,0
2026-08-17,FAC-014,208,42,41,0.98,21,0.905,0,0
2026-08-18,FAC-014,187,42,41,0.98,21,0.877,0,0
2026-08-19,FAC-014,200,42,41,0.98,21,0.908,0,0
2026-08-20,FAC-014,195,42,41,0.98,20,0.869,0,0
2026-08-21,FAC-014,215,42,41,0.98,23,0.975,0,0
2026-08-22,FAC-014,183,42,41,0.98,21,0.888,0,0
2026-08-23,FAC-014,153,42,41,0.98,20,0.859,0,0
2026-08-24,FAC-014,206,42,41,0.98,21,0.889,0,0
2026-08-25,FAC-014,227,42,41,0.98,24,1.0,0,0
2026-08-26,FAC-014,216,42,41,0.98,21,0.886,0,0
2026-08-27,FAC-014,169,42,41,0.98,21,0.879,0,0
2026-08-28,FAC-014,208,42,41,0.98,24,1.0,0,0
2026-08-29,FAC-014,178,42,41,0.98,20,0.871,5,0
2026-08-30,FAC-014,151,42,41,0.98,21,0.888,5,0
2026-08-31,FAC-014,222,42,41,0.98,21,0.913,0,0
2026-09-01,FAC-014,196,42,41,0.98,18,0.785,0,0
2026-09-02,FAC-014,178,42,41,0.98,23,0.96,0,0
2026-09-03,FAC-014,222,42,41,0.98,20,0.869,0,0
2026-09-04,FAC-014,225,42,41,0.98,22,0.951,0,0
2026-09-05,FAC-014,151,42,41,0.98,23,0.999,0,0
2026-09-06,FAC-014,172,42,41,0.98,23,0.966,0,0
2026-09-07,FAC-014,226,42,41,0.98,22,0.917,0,0
2026-09-08,FAC-014,208,42,41,0.98,19,0.816,0,0
2026-09-09,FAC-014,222,42,41,0.98,22,0.932,0,0
2026-09-10,FAC-014,211,42,41,0.98,19,0.818,1,0
2026-09-11,FAC-014,213,42,41,0.98,20,0.853,0,0
2026-09-12,FAC-014,164,42,41,0.98,22,0.938,0,0
2026-09-13,FAC-014,176,42,41,0.98,20,0.87,0,0
2026-09-14,FAC-014,200,42,41,0.98,20,0.869,0,0
2026-09-15,FAC-014,217,42,41,0.98,19,0.823,0,0
2026-09-16,FAC-014,192,42,41,0.98,21,0.896,0,0
2026-09-17,FAC-014,179,42,41,0.98,19,0.817,0,0
2026-09-18,FAC-014,214,42,41,0.98,20,0.872,0,0
2026-09-19,FAC-014,161,42,41,0.98,20,0.866,0,0
2026-09-20,FAC-014,308,42,41,0.98,20,0.859,0,1
2026-09-21,FAC-014,210,42,41,0.98,20,0.859,0,0
2026-09-22,FAC-014,184,42,41,0.98,23,0.976,0,0
2026-09-23,FAC-014,204,42,41,0.98,20,0.866,4,0
2026-09-24,FAC-014,186,42,41,0.98,19,0.82,0,0
2026-09-25,FAC-014,222,42,41,0.98,21,0.902,0,0
2026-09-26,FAC-014,155,42,41,0.98,23,0.976,0,0
2026-09-27,FAC-014,190,42,41,0.98,21,0.886,0,0
2026-04-01,FAC-015,239,85,83,0.98,74,0.892,0,0
2026-04-02,FAC-015,236,85,83,0.98,70,0.844,0,0
2026-04-03,FAC-015,232,85,83,0.98,69,0.831,0,0
2026-04-04,FAC-015,212,85,83,0.98,78,0.929,0,0
2026-04-05,FAC-015,181,85,83,0.98,75,0.903,0,0
2026-04-06,FAC-015,276,85,83,0.98,72,0.865,0,0
2026-04-07,FAC-015,218,85,83,0.98,75,0.897,0,0
2026-04-08,FAC-015,201,85,83,0.98,71,0.856,0,0
2026-04-09,FAC-015,242,85,83,0.98,72,0.863,0,0
2026-04-10,FAC-015,258,85,83,0.98,73,0.878,0,0
2026-04-11,FAC-015,221,85,83,0.98,68,0.813,0,0
2026-04-12,FAC-015,210,85,83,0.98,80,0.963,5,0
2026-04-13,FAC-015,255,85,83,0.98,77,0.925,0,0
2026-04-14,FAC-015,264,85,83,0.98,76,0.914,4,0
2026-04-15,FAC-015,243,85,83,0.98,74,0.89,0,0
2026-04-16,FAC-015,235,85,83,0.98,82,0.986,0,0
2026-04-17,FAC-015,267,85,83,0.98,70,0.835,4,0
2026-04-18,FAC-015,205,85,83,0.98,77,0.919,0,0
2026-04-19,FAC-015,190,85,83,0.98,75,0.897,0,0
2026-04-20,FAC-015,242,85,83,0.98,73,0.875,0,0
2026-04-21,FAC-015,208,85,83,0.98,73,0.881,1,0
2026-04-22,FAC-015,230,85,83,0.98,78,0.94,0,0
2026-04-23,FAC-015,298,85,83,0.98,72,0.861,0,0
2026-04-24,FAC-015,231,85,83,0.98,72,0.86,0,0
2026-04-25,FAC-015,214,85,83,0.98,78,0.939,0,0
2026-04-26,FAC-015,213,85,83,0.98,69,0.831,0,0
2026-04-27,FAC-015,254,85,83,0.98,71,0.848,0,0
2026-04-28,FAC-015,232,85,83,0.98,70,0.842,0,0
2026-04-29,FAC-015,245,85,83,0.98,71,0.848,0,0
2026-04-30,FAC-015,281,85,83,0.98,69,0.833,0,0
2026-05-01,FAC-015,262,85,83,0.98,75,0.901,0,0
2026-05-02,FAC-015,199,85,83,0.98,65,0.776,0,0
2026-05-03,FAC-015,216,85,83,0.98,66,0.794,0,0
2026-05-04,FAC-015,242,85,83,0.98,67,0.809,0,0
2026-05-05,FAC-015,209,85,83,0.98,74,0.885,4,0
2026-05-06,FAC-015,273,85,83,0.98,77,0.918,0,0
2026-05-07,FAC-015,255,85,83,0.98,78,0.934,0,0
2026-05-08,FAC-015,263,85,83,0.98,70,0.845,0,0
2026-05-09,FAC-015,203,85,83,0.98,65,0.777,0,0
2026-05-10,FAC-015,201,85,83,0.98,76,0.914,0,0
2026-05-11,FAC-015,426,85,83,0.98,75,0.893,0,1
2026-05-12,FAC-015,220,85,83,0.98,75,0.9,0,0
2026-05-13,FAC-015,236,85,83,0.98,80,0.956,5,0
2026-05-14,FAC-015,267,85,83,0.98,74,0.881,0,0
2026-05-15,FAC-015,238,85,83,0.98,72,0.866,0,0
2026-05-16,FAC-015,205,85,83,0.98,83,0.999,0,0
2026-05-17,FAC-015,226,85,83,0.98,83,0.996,0,0
2026-05-18,FAC-015,270,85,83,0.98,80,0.953,0,0
2026-05-19,FAC-015,272,85,83,0.98,74,0.888,0,0
2026-05-20,FAC-015,263,85,83,0.98,70,0.841,0,0
2026-05-21,FAC-015,237,85,83,0.98,71,0.846,0,0
2026-05-22,FAC-015,236,85,83,0.98,76,0.908,0,0
2026-05-23,FAC-015,224,85,83,0.98,78,0.933,0,0
2026-05-24,FAC-015,203,85,83,0.98,73,0.87,1,0
2026-05-25,FAC-015,280,85,83,0.98,84,1.0,0,0
2026-05-26,FAC-015,211,85,83,0.98,82,0.979,0,0
2026-05-27,FAC-015,285,85,83,0.98,75,0.904,5,0
2026-05-28,FAC-015,267,85,83,0.98,76,0.909,0,0
2026-05-29,FAC-015,253,85,83,0.98,73,0.879,0,0
2026-05-30,FAC-015,215,85,83,0.98,66,0.796,0,0
2026-05-31,FAC-015,228,85,83,0.98,70,0.837,0,0
2026-06-01,FAC-015,290,85,83,0.98,74,0.883,0,0
2026-06-02,FAC-015,266,85,83,0.98,79,0.941,0,0
2026-06-03,FAC-015,270,85,83,0.98,76,0.905,0,0
2026-06-04,FAC-015,243,85,83,0.98,79,0.948,0,0
2026-06-05,FAC-015,287,85,83,0.98,72,0.862,0,0
2026-06-06,FAC-015,238,85,83,0.98,79,0.948,0,0
2026-06-07,FAC-015,235,85,83,0.98,68,0.815,0,0
2026-06-08,FAC-015,251,85,83,0.98,83,0.992,0,0
2026-06-09,FAC-015,258,85,83,0.98,84,1.0,0,0
2026-06-10,FAC-015,271,85,83,0.98,77,0.921,1,0
2026-06-11,FAC-015,260,85,83,0.98,77,0.921,0,0
2026-06-12,FAC-015,277,85,83,0.98,81,0.972,0,0
2026-06-13,FAC-015,186,85,83,0.98,75,0.903,0,0
2026-06-14,FAC-015,235,85,83,0.98,71,0.851,0,0
2026-06-15,FAC-015,254,85,83,0.98,79,0.941,0,0
2026-06-16,FAC-015,259,85,83,0.98,79,0.945,0,0
2026-06-17,FAC-015,256,85,83,0.98,80,0.958,0,0
2026-06-18,FAC-015,244,85,83,0.98,66,0.797,0,0
2026-06-19,FAC-015,258,85,83,0.98,68,0.821,0,0
2026-06-20,FAC-015,242,85,83,0.98,64,0.774,0,0
2026-06-21,FAC-015,243,85,83,0.98,80,0.958,0,0
2026-06-22,FAC-015,270,85,83,0.98,72,0.869,0,0
2026-06-23,FAC-015,266,85,83,0.98,70,0.841,0,0
2026-06-24,FAC-015,276,85,83,0.98,77,0.918,0,0
2026-06-25,FAC-015,245,85,83,0.98,78,0.93,0,0
2026-06-26,FAC-015,235,85,83,0.98,79,0.949,0,0
2026-06-27,FAC-015,220,85,83,0.98,73,0.88,0,0
2026-06-28,FAC-015,200,85,83,0.98,67,0.799,0,0
2026-06-29,FAC-015,246,85,83,0.98,80,0.959,0,0
2026-06-30,FAC-015,270,85,83,0.98,75,0.893,4,0
2026-07-01,FAC-015,239,85,83,0.98,73,0.881,0,0
2026-07-02,FAC-015,255,85,83,0.98,79,0.947,0,0
2026-07-03,FAC-015,264,85,83,0.98,80,0.958,1,0
2026-07-04,FAC-015,204,85,83,0.98,76,0.905,0,0
2026-07-05,FAC-015,188,85,83,0.98,61,0.73,0,0
2026-07-06,FAC-015,236,85,83,0.98,72,0.859,0,0
2026-07-07,FAC-015,247,85,83,0.98,71,0.852,0,0
2026-07-08,FAC-015,273,85,83,0.98,78,0.929,0,0
2026-07-09,FAC-015,228,85,83,0.98,84,1.0,0,0
2026-07-10,FAC-015,247,85,83,0.98,84,1.0,0,0
2026-07-11,FAC-015,228,85,83,0.98,73,0.872,0,0
2026-07-12,FAC-015,217,85,83,0.98,75,0.896,0,0
2026-07-13,FAC-015,230,85,83,0.98,82,0.978,5,0
2026-07-14,FAC-015,225,85,83,0.98,66,0.786,0,0
2026-07-15,FAC-015,271,85,83,0.98,82,0.979,0,0
2026-07-16,FAC-015,251,85,83,0.98,74,0.889,0,0
2026-07-17,FAC-015,262,85,83,0.98,78,0.935,0,0
2026-07-18,FAC-015,308,85,83,0.98,70,0.84,0,1
2026-07-19,FAC-015,211,85,83,0.98,84,1.0,0,0
2026-07-20,FAC-015,285,85,83,0.98,77,0.927,0,0
2026-07-21,FAC-015,265,85,83,0.98,76,0.91,0,0
2026-07-22,FAC-015,260,85,83,0.98,73,0.878,0,0
2026-07-23,FAC-015,254,85,83,0.98,72,0.867,0,0
2026-07-24,FAC-015,265,85,83,0.98,77,0.918,0,0
2026-07-25,FAC-015,233,85,83,0.98,74,0.882,5,0
2026-07-26,FAC-015,230,85,83,0.98,73,0.877,0,0
2026-07-27,FAC-015,249,85,83,0.98,77,0.92,0,0
2026-07-28,FAC-015,232,85,83,0.98,80,0.955,0,0
2026-07-29,FAC-015,258,85,83,0.98,63,0.75,0,0
2026-07-30,FAC-015,203,85,83,0.98,76,0.909,0,0
2026-07-31,FAC-015,292,85,83,0.98,71,0.849,0,0
2026-08-01,FAC-015,222,85,83,0.98,72,0.867,0,0
2026-08-02,FAC-015,213,85,83,0.98,81,0.967,0,0
2026-08-03,FAC-015,261,85,83,0.98,78,0.931,0,0
2026-08-04,FAC-015,284,85,83,0.98,72,0.861,0,0
2026-08-05,FAC-015,246,85,83,0.98,75,0.904,0,0
2026-08-06,FAC-015,267,85,83,0.98,79,0.943,0,0
2026-08-07,FAC-015,250,85,83,0.98,83,0.99,0,0
2026-08-08,FAC-015,235,85,83,0.98,73,0.871,0,0
2026-08-09,FAC-015,209,85,83,0.98,73,0.876,0,0
2026-08-10,FAC-015,239,85,83,0.98,77,0.919,0,0
2026-08-11,FAC-015,289,85,83,0.98,70,0.843,0,0
2026-08-12,FAC-015,278,85,83,0.98,75,0.903,0,0
2026-08-13,FAC-015,288,85,83,0.98,71,0.856,0,0
2026-08-14,FAC-015,244,85,83,0.98,76,0.908,0,0
2026-08-15,FAC-015,213,85,83,0.98,70,0.845,4,0
2026-08-16,FAC-015,222,85,83,0.98,76,0.913,1,0
2026-08-17,FAC-015,271,85,83,0.98,73,0.878,0,0
2026-08-18,FAC-015,266,85,83,0.98,82,0.98,0,0
2026-08-19,FAC-015,269,85,83,0.98,78,0.937,0,0
2026-08-20,FAC-015,234,85,83,0.98,75,0.897,0,0
2026-08-21,FAC-015,280,85,83,0.98,73,0.871,0,0
2026-08-22,FAC-015,224,85,83,0.98,75,0.897,0,0
2026-08-23,FAC-015,252,85,83,0.98,79,0.941,0,0
2026-08-24,FAC-015,276,85,83,0.98,75,0.904,0,0
2026-08-25,FAC-015,281,85,83,0.98,71,0.852,0,0
2026-08-26,FAC-015,243,85,83,0.98,73,0.874,0,0
2026-08-27,FAC-015,269,85,83,0.98,76,0.912,0,0
2026-08-28,FAC-015,289,85,83,0.98,84,1.0,0,0
2026-08-29,FAC-015,237,85,83,0.98,74,0.887,0,0
2026-08-30,FAC-015,205,85,83,0.98,64,0.77,0,0
2026-08-31,FAC-015,290,85,83,0.98,75,0.903,0,0
2026-09-01,FAC-015,239,85,83,0.98,72,0.866,1,0
2026-09-02,FAC-015,304,85,83,0.98,80,0.955,0,0
2026-09-03,FAC-015,288,85,83,0.98,72,0.863,0,0
2026-09-04,FAC-015,295,85,83,0.98,81,0.972,0,0
2026-09-05,FAC-015,224,85,83,0.98,75,0.904,0,0
2026-09-06,FAC-015,230,85,83,0.98,74,0.884,0,0
2026-09-07,FAC-015,272,85,83,0.98,77,0.921,0,0
2026-09-08,FAC-015,249,85,83,0.98,76,0.908,1,0
2026-09-09,FAC-015,231,85,83,0.98,71,0.846,0,0
2026-09-10,FAC-015,245,85,83,0.98,78,0.937,0,0
2026-09-11,FAC-015,251,85,83,0.98,75,0.904,0,0
2026-09-12,FAC-015,211,85,83,0.98,79,0.952,0,0
2026-09-13,FAC-015,228,85,83,0.98,82,0.976,0,0
2026-09-14,FAC-015,274,85,83,0.98,76,0.916,0,0
2026-09-15,FAC-015,252,85,83,0.98,77,0.924,0,0
2026-09-16,FAC-015,252,85,83,0.98,76,0.905,0,0
2026-09-17,FAC-015,229,85,83,0.98,73,0.876,0,0
2026-09-18,FAC-015,295,85,83,0.98,82,0.986,0,0
2026-09-19,FAC-015,233,85,83,0.98,73,0.87,0,0
2026-09-20,FAC-015,232,85,83,0.98,74,0.892,0,0
2026-09-21,FAC-015,234,85,83,0.98,71,0.847,0,0
2026-09-22,FAC-015,280,85,83,0.98,75,0.902,0,0
2026-09-23,FAC-015,262,85,83,0.98,75,0.9,0,0
2026-09-24,FAC-015,271,85,83,0.98,81,0.969,0,0
2026-09-25,FAC-015,292,85,83,0.98,72,0.865,2,0
2026-09-26,FAC-015,197,85,83,0.98,64,0.77,0,0
2026-09-27,FAC-015,210,85,83,0.98,75,0.897,0,0
2026-04-01,FAC-016,213,50,49,0.98,41,0.907,0,0
2026-04-02,FAC-016,202,50,49,0.98,45,0.979,0,0
2026-04-03,FAC-016,212,50,49,0.98,43,0.948,0,0
2026-04-04,FAC-016,197,50,49,0.98,41,0.91,0,0
2026-04-05,FAC-016,192,50,49,0.98,36,0.788,0,0
2026-04-06,FAC-016,229,50,49,0.98,43,0.936,0,0
2026-04-07,FAC-016,192,50,49,0.98,43,0.951,0,0
2026-04-08,FAC-016,197,50,49,0.98,43,0.952,4,0
2026-04-09,FAC-016,201,50,49,0.98,38,0.838,0,0
2026-04-10,FAC-016,243,50,49,0.98,40,0.885,0,0
2026-04-11,FAC-016,174,50,49,0.98,41,0.893,0,0
2026-04-12,FAC-016,190,50,49,0.98,41,0.906,0,0
2026-04-13,FAC-016,368,50,49,0.98,39,0.862,4,1
2026-04-14,FAC-016,226,50,49,0.98,40,0.877,0,0
2026-04-15,FAC-016,203,50,49,0.98,36,0.793,0,0
2026-04-16,FAC-016,220,50,49,0.98,44,0.973,0,0
2026-04-17,FAC-016,209,50,49,0.98,39,0.857,0,0
2026-04-18,FAC-016,158,50,49,0.98,40,0.89,0,0
2026-04-19,FAC-016,228,50,49,0.98,39,0.861,0,0
2026-04-20,FAC-016,198,50,49,0.98,45,0.995,0,0
2026-04-21,FAC-016,231,50,49,0.98,44,0.972,0,0
2026-04-22,FAC-016,367,50,49,0.98,39,0.859,0,1
2026-04-23,FAC-016,203,50,49,0.98,39,0.867,0,0
2026-04-24,FAC-016,236,50,49,0.98,36,0.783,0,0
2026-04-25,FAC-016,163,50,49,0.98,40,0.884,0,0
2026-04-26,FAC-016,185,50,49,0.98,42,0.928,0,0
2026-04-27,FAC-016,210,50,49,0.98,46,1.0,0,0
2026-04-28,FAC-016,235,50,49,0.98,43,0.955,1,0
2026-04-29,FAC-016,181,50,49,0.98,40,0.874,0,0
2026-04-30,FAC-016,200,50,49,0.98,42,0.925,0,0
2026-05-01,FAC-016,238,50,49,0.98,43,0.939,0,0
2026-05-02,FAC-016,182,50,49,0.98,43,0.955,0,0
2026-05-03,FAC-016,161,50,49,0.98,37,0.813,0,0
2026-05-04,FAC-016,229,50,49,0.98,42,0.923,0,0
2026-05-05,FAC-016,244,50,49,0.98,44,0.972,0,0
2026-05-06,FAC-016,208,50,49,0.98,41,0.905,0,0
2026-05-07,FAC-016,219,50,49,0.98,43,0.937,0,0
2026-05-08,FAC-016,216,50,49,0.98,40,0.875,3,0
2026-05-09,FAC-016,186,50,49,0.98,38,0.836,0,0
2026-05-10,FAC-016,177,50,49,0.98,46,1.0,0,0
2026-05-11,FAC-016,213,50,49,0.98,39,0.853,0,0
2026-05-12,FAC-016,227,50,49,0.98,37,0.822,0,0
2026-05-13,FAC-016,227,50,49,0.98,37,0.812,0,0
2026-05-14,FAC-016,200,50,49,0.98,43,0.951,0,0
2026-05-15,FAC-016,195,50,49,0.98,42,0.916,0,0
2026-05-16,FAC-016,179,50,49,0.98,43,0.938,0,0
2026-05-17,FAC-016,169,50,49,0.98,38,0.846,0,0
2026-05-18,FAC-016,201,50,49,0.98,41,0.909,3,0
2026-05-19,FAC-016,189,50,49,0.98,40,0.879,0,0
2026-05-20,FAC-016,229,50,49,0.98,38,0.844,0,0
2026-05-21,FAC-016,221,50,49,0.98,40,0.884,0,0
2026-05-22,FAC-016,195,50,49,0.98,41,0.898,0,0
2026-05-23,FAC-016,184,50,49,0.98,42,0.92,0,0
2026-05-24,FAC-016,186,50,49,0.98,39,0.862,0,0
2026-05-25,FAC-016,235,50,49,0.98,38,0.838,0,0
2026-05-26,FAC-016,228,50,49,0.98,41,0.895,0,0
2026-05-27,FAC-016,217,50,49,0.98,39,0.849,0,0
2026-05-28,FAC-016,232,50,49,0.98,40,0.89,2,0
2026-05-29,FAC-016,202,50,49,0.98,42,0.924,0,0
2026-05-30,FAC-016,191,50,49,0.98,41,0.906,0,0
2026-05-31,FAC-016,208,50,49,0.98,41,0.906,0,0
2026-06-01,FAC-016,184,50,49,0.98,45,0.999,0,0
2026-06-02,FAC-016,240,50,49,0.98,39,0.857,0,0
2026-06-03,FAC-016,218,50,49,0.98,43,0.956,0,0
2026-06-04,FAC-016,223,50,49,0.98,41,0.896,0,0
2026-06-05,FAC-016,216,50,49,0.98,42,0.925,0,0
2026-06-06,FAC-016,200,50,49,0.98,38,0.827,0,0
2026-06-07,FAC-016,168,50,49,0.98,41,0.911,0,0
2026-06-08,FAC-016,222,50,49,0.98,46,1.0,0,0
2026-06-09,FAC-016,210,50,49,0.98,42,0.914,0,0
2026-06-10,FAC-016,190,50,49,0.98,39,0.864,0,0
2026-06-11,FAC-016,237,50,49,0.98,42,0.921,0,0
2026-06-12,FAC-016,209,50,49,0.98,44,0.968,0,0
2026-06-13,FAC-016,166,50,49,0.98,46,1.0,0,0
2026-06-14,FAC-016,178,50,49,0.98,36,0.794,0,0
2026-06-15,FAC-016,261,50,49,0.98,39,0.848,3,0
2026-06-16,FAC-016,215,50,49,0.98,36,0.788,0,0
2026-06-17,FAC-016,233,50,49,0.98,43,0.942,0,0
2026-06-18,FAC-016,219,50,49,0.98,35,0.766,0,0
2026-06-19,FAC-016,235,50,49,0.98,39,0.85,0,0
2026-06-20,FAC-016,178,50,49,0.98,39,0.865,0,0
2026-06-21,FAC-016,176,50,49,0.98,36,0.798,0,0
2026-06-22,FAC-016,236,50,49,0.98,39,0.848,0,0
2026-06-23,FAC-016,209,50,49,0.98,40,0.885,0,0
2026-06-24,FAC-016,198,50,49,0.98,38,0.835,0,0
2026-06-25,FAC-016,207,50,49,0.98,44,0.963,0,0
2026-06-26,FAC-016,255,50,49,0.98,41,0.896,0,0
2026-06-27,FAC-016,220,50,49,0.98,38,0.841,0,0
2026-06-28,FAC-016,188,50,49,0.98,37,0.825,4,0
2026-06-29,FAC-016,199,50,49,0.98,43,0.945,0,0
2026-06-30,FAC-016,239,50,49,0.98,40,0.882,0,0
2026-07-01,FAC-016,229,50,49,0.98,43,0.942,0,0
2026-07-02,FAC-016,212,50,49,0.98,41,0.9,0,0
2026-07-03,FAC-016,234,50,49,0.98,41,0.904,0,0
2026-07-04,FAC-016,163,50,49,0.98,40,0.888,0,0
2026-07-05,FAC-016,189,50,49,0.98,40,0.877,0,0
2026-07-06,FAC-016,196,50,49,0.98,44,0.965,0,0
2026-07-07,FAC-016,200,50,49,0.98,43,0.95,0,0
2026-07-08,FAC-016,224,50,49,0.98,39,0.862,0,0
2026-07-09,FAC-016,230,50,49,0.98,34,0.741,0,0
2026-07-10,FAC-016,224,50,49,0.98,44,0.961,5,0
2026-07-11,FAC-016,171,50,49,0.98,36,0.794,0,0
2026-07-12,FAC-016,187,50,49,0.98,37,0.815,2,0
2026-07-13,FAC-016,202,50,49,0.98,44,0.958,0,0
2026-07-14,FAC-016,200,50,49,0.98,36,0.796,0,0
2026-07-15,FAC-016,356,50,49,0.98,42,0.931,0,1
2026-07-16,FAC-016,239,50,49,0.98,46,1.0,0,0
2026-07-17,FAC-016,224,50,49,0.98,38,0.843,0,0
2026-07-18,FAC-016,185,50,49,0.98,38,0.837,0,0
2026-07-19,FAC-016,153,50,49,0.98,38,0.844,0,0
2026-07-20,FAC-016,215,50,49,0.98,42,0.934,0,0
2026-07-21,FAC-016,253,50,49,0.98,42,0.933,0,0
2026-07-22,FAC-016,218,50,49,0.98,42,0.933,0,0
2026-07-23,FAC-016,214,50,49,0.98,39,0.866,0,0
2026-07-24,FAC-016,219,50,49,0.98,44,0.965,0,0
2026-07-25,FAC-016,182,50,49,0.98,38,0.846,0,0
2026-07-26,FAC-016,193,50,49,0.98,44,0.967,0,0
2026-07-27,FAC-016,208,50,49,0.98,37,0.825,0,0
2026-07-28,FAC-016,224,50,49,0.98,42,0.929,0,0
2026-07-29,FAC-016,220,50,49,0.98,40,0.883,0,0
2026-07-30,FAC-016,219,50,49,0.98,41,0.911,0,0
2026-07-31,FAC-016,254,50,49,0.98,42,0.922,0,0
2026-08-01,FAC-016,191,50,49,0.98,42,0.921,0,0
2026-08-02,FAC-016,183,50,49,0.98,44,0.97,0,0
2026-08-03,FAC-016,214,50,49,0.98,34,0.751,0,0
2026-08-04,FAC-016,220,50,49,0.98,41,0.907,0,0
2026-08-05,FAC-016,219,50,49,0.98,40,0.877,0,0
2026-08-06,FAC-016,230,50,49,0.98,41,0.907,0,0
2026-08-07,FAC-016,207,50,49,0.98,38,0.843,0,0
2026-08-08,FAC-016,205,50,49,0.98,36,0.79,0,0
2026-08-09,FAC-016,177,50,49,0.98,43,0.947,0,0
2026-08-10,FAC-016,201,50,49,0.98,41,0.899,0,0
2026-08-11,FAC-016,240,50,49,0.98,40,0.873,0,0
2026-08-12,FAC-016,232,50,49,0.98,33,0.725,3,0
2026-08-13,FAC-016,221,50,49,0.98,38,0.836,0,0
2026-08-14,FAC-016,199,50,49,0.98,45,0.987,0,0
2026-08-15,FAC-016,196,50,49,0.98,41,0.902,0,0
2026-08-16,FAC-016,208,50,49,0.98,38,0.835,0,0
2026-08-17,FAC-016,243,50,49,0.98,43,0.935,3,0
2026-08-18,FAC-016,206,50,49,0.98,45,0.982,0,0
2026-08-19,FAC-016,238,50,49,0.98,41,0.907,0,0
2026-08-20,FAC-016,235,50,49,0.98,41,0.911,0,0
2026-08-21,FAC-016,216,50,49,0.98,45,0.991,0,0
2026-08-22,FAC-016,194,50,49,0.98,37,0.817,0,0
2026-08-23,FAC-016,178,50,49,0.98,41,0.909,0,0
2026-08-24,FAC-016,334,50,49,0.98,39,0.855,0,1
2026-08-25,FAC-016,242,50,49,0.98,40,0.884,0,0
2026-08-26,FAC-016,207,50,49,0.98,46,1.0,0,0
2026-08-27,FAC-016,206,50,49,0.98,41,0.903,0,0
2026-08-28,FAC-016,235,50,49,0.98,45,0.978,0,0
2026-08-29,FAC-016,212,50,49,0.98,46,1.0,0,0
2026-08-30,FAC-016,211,50,49,0.98,44,0.971,2,0
2026-08-31,FAC-016,247,50,49,0.98,41,0.893,0,0
2026-09-01,FAC-016,209,50,49,0.98,40,0.881,0,0
2026-09-02,FAC-016,227,50,49,0.98,35,0.774,0,0
2026-09-03,FAC-016,250,50,49,0.98,41,0.894,0,0
2026-09-04,FAC-016,213,50,49,0.98,40,0.87,0,0
2026-09-05,FAC-016,200,50,49,0.98,38,0.83,0,0
2026-09-06,FAC-016,191,50,49,0.98,38,0.848,0,0
2026-09-07,FAC-016,377,50,49,0.98,44,0.97,0,1
2026-09-08,FAC-016,258,50,49,0.98,37,0.82,0,0
2026-09-09,FAC-016,219,50,49,0.98,42,0.932,0,0
2026-09-10,FAC-016,204,50,49,0.98,38,0.845,0,0
2026-09-11,FAC-016,243,50,49,0.98,38,0.845,0,0
2026-09-12,FAC-016,192,50,49,0.98,36,0.786,0,0
2026-09-13,FAC-016,198,50,49,0.98,41,0.899,0,0
2026-09-14,FAC-016,235,50,49,0.98,41,0.898,0,0
2026-09-15,FAC-016,254,50,49,0.98,40,0.87,0,0
2026-09-16,FAC-016,238,50,49,0.98,40,0.88,0,0
2026-09-17,FAC-016,221,50,49,0.98,40,0.883,0,0
2026-09-18,FAC-016,209,50,49,0.98,43,0.94,0,0
2026-09-19,FAC-016,228,50,49,0.98,46,1.0,0,0
2026-09-20,FAC-016,193,50,49,0.98,38,0.845,0,0
2026-09-21,FAC-016,224,50,49,0.98,39,0.85,0,0
2026-09-22,FAC-016,198,50,49,0.98,44,0.964,0,0
2026-09-23,FAC-016,233,50,49,0.98,41,0.9,0,0
2026-09-24,FAC-016,214,50,49,0.98,43,0.943,0,0
2026-09-25,FAC-016,223,50,49,0.98,36,0.8,0,0
2026-09-26,FAC-016,189,50,49,0.98,42,0.929,0,0
2026-09-27,FAC-016,210,50,49,0.98,39,0.862,4,0
2026-04-01,FAC-017,210,63,61,0.98,78,0.835,1,0
2026-04-02,FAC-017,215,63,61,0.98,83,0.892,0,0
2026-04-03,FAC-017,219,63,61,0.98,82,0.879,0,0
2026-04-04,FAC-017,198,63,61,0.98,85,0.908,3,0
2026-04-05,FAC-017,207,63,61,0.98,89,0.948,0,0
2026-04-06,FAC-017,233,63,61,0.98,89,0.952,0,0
2026-04-07,FAC-017,190,63,61,0.98,86,0.923,0,0
2026-04-08,FAC-017,219,63,61,0.98,93,0.994,0,0
2026-04-09,FAC-017,205,63,61,0.98,82,0.879,0,0
2026-04-10,FAC-017,221,63,61,0.98,87,0.927,0,0
2026-04-11,FAC-017,181,63,61,0.98,78,0.833,0,0
2026-04-12,FAC-017,177,63,61,0.98,89,0.95,0,0
2026-04-13,FAC-017,221,63,61,0.98,78,0.833,0,0
2026-04-14,FAC-017,230,63,61,0.98,85,0.909,0,0
2026-04-15,FAC-017,302,63,61,0.98,87,0.932,0,1
2026-04-16,FAC-017,205,63,61,0.98,89,0.954,0,0
2026-04-17,FAC-017,246,63,61,0.98,84,0.894,0,0
2026-04-18,FAC-017,159,63,61,0.98,81,0.865,0,0
2026-04-19,FAC-017,156,63,61,0.98,94,1.0,0,0
2026-04-20,FAC-017,218,63,61,0.98,86,0.925,0,0
2026-04-21,FAC-017,231,63,61,0.98,83,0.893,0,0
2026-04-22,FAC-017,200,63,61,0.98,82,0.88,0,0
2026-04-23,FAC-017,226,63,61,0.98,88,0.939,0,0
2026-04-24,FAC-017,210,63,61,0.98,80,0.852,0,0
2026-04-25,FAC-017,172,63,61,0.98,86,0.917,0,0
2026-04-26,FAC-017,181,63,61,0.98,82,0.877,0,0
2026-04-27,FAC-017,261,63,61,0.98,86,0.925,0,0
2026-04-28,FAC-017,204,63,61,0.98,83,0.892,3,0
2026-04-29,FAC-017,213,63,61,0.98,75,0.806,0,0
2026-04-30,FAC-017,198,63,61,0.98,83,0.886,0,0
2026-05-01,FAC-017,233,63,61,0.98,80,0.855,0,0
2026-05-02,FAC-017,199,63,61,0.98,89,0.953,0,0
2026-05-03,FAC-017,206,63,61,0.98,84,0.894,0,0
2026-05-04,FAC-017,204,63,61,0.98,82,0.881,0,0
2026-05-05,FAC-017,223,63,61,0.98,88,0.937,0,0
2026-05-06,FAC-017,202,63,61,0.98,91,0.976,4,0
2026-05-07,FAC-017,200,63,61,0.98,85,0.91,0,0
2026-05-08,FAC-017,233,63,61,0.98,77,0.822,0,0
2026-05-09,FAC-017,161,63,61,0.98,84,0.896,0,0
2026-05-10,FAC-017,171,63,61,0.98,85,0.911,0,0
2026-05-11,FAC-017,210,63,61,0.98,82,0.877,0,0
2026-05-12,FAC-017,236,63,61,0.98,88,0.939,0,0
2026-05-13,FAC-017,233,63,61,0.98,82,0.879,0,0
2026-05-14,FAC-017,229,63,61,0.98,83,0.89,0,0
2026-05-15,FAC-017,197,63,61,0.98,91,0.971,0,0
2026-05-16,FAC-017,161,63,61,0.98,85,0.914,0,0
2026-05-17,FAC-017,187,63,61,0.98,88,0.941,0,0
2026-05-18,FAC-017,198,63,61,0.98,82,0.875,0,0
2026-05-19,FAC-017,211,63,61,0.98,78,0.83,0,0
2026-05-20,FAC-017,179,63,61,0.98,89,0.954,0,0
2026-05-21,FAC-017,231,63,61,0.98,79,0.851,0,0
2026-05-22,FAC-017,191,63,61,0.98,88,0.938,0,0
2026-05-23,FAC-017,184,63,61,0.98,79,0.848,0,0
2026-05-24,FAC-017,178,63,61,0.98,88,0.946,0,0
2026-05-25,FAC-017,213,63,61,0.98,85,0.905,0,0
2026-05-26,FAC-017,222,63,61,0.98,84,0.904,0,0
2026-05-27,FAC-017,206,63,61,0.98,87,0.929,0,0
2026-05-28,FAC-017,215,63,61,0.98,92,0.981,0,0
2026-05-29,FAC-017,215,63,61,0.98,89,0.953,0,0
2026-05-30,FAC-017,160,63,61,0.98,86,0.92,0,0
2026-05-31,FAC-017,187,63,61,0.98,82,0.877,0,0
2026-06-01,FAC-017,201,63,61,0.98,89,0.957,0,0
2026-06-02,FAC-017,223,63,61,0.98,81,0.867,0,0
2026-06-03,FAC-017,188,63,61,0.98,87,0.936,0,0
2026-06-04,FAC-017,199,63,61,0.98,84,0.896,1,0
2026-06-05,FAC-017,207,63,61,0.98,80,0.856,0,0
2026-06-06,FAC-017,175,63,61,0.98,81,0.87,0,0
2026-06-07,FAC-017,189,63,61,0.98,80,0.855,0,0
2026-06-08,FAC-017,183,63,61,0.98,83,0.891,0,0
2026-06-09,FAC-017,201,63,61,0.98,85,0.908,0,0
2026-06-10,FAC-017,185,63,61,0.98,86,0.918,0,0
2026-06-11,FAC-017,214,63,61,0.98,75,0.801,0,0
2026-06-12,FAC-017,220,63,61,0.98,86,0.917,0,0
2026-06-13,FAC-017,168,63,61,0.98,76,0.818,0,0
2026-06-14,FAC-017,196,63,61,0.98,74,0.794,0,0
2026-06-15,FAC-017,207,63,61,0.98,82,0.88,0,0
2026-06-16,FAC-017,208,63,61,0.98,87,0.934,3,0
2026-06-17,FAC-017,201,63,61,0.98,82,0.878,0,0
2026-06-18,FAC-017,229,63,61,0.98,94,1.0,0,0
2026-06-19,FAC-017,220,63,61,0.98,83,0.892,0,0
2026-06-20,FAC-017,180,63,61,0.98,82,0.882,3,0
2026-06-21,FAC-017,189,63,61,0.98,78,0.835,0,0
2026-06-22,FAC-017,194,63,61,0.98,87,0.932,0,0
2026-06-23,FAC-017,218,63,61,0.98,88,0.937,0,0
2026-06-24,FAC-017,211,63,61,0.98,79,0.841,0,0
2026-06-25,FAC-017,216,63,61,0.98,80,0.854,0,0
2026-06-26,FAC-017,226,63,61,0.98,87,0.934,0,0
2026-06-27,FAC-017,191,63,61,0.98,79,0.851,0,0
2026-06-28,FAC-017,178,63,61,0.98,83,0.891,0,0
2026-06-29,FAC-017,221,63,61,0.98,81,0.87,3,0
2026-06-30,FAC-017,184,63,61,0.98,94,1.0,0,0
2026-07-01,FAC-017,221,63,61,0.98,83,0.893,0,0
2026-07-02,FAC-017,195,63,61,0.98,76,0.819,4,0
2026-07-03,FAC-017,209,63,61,0.98,85,0.908,0,0
2026-07-04,FAC-017,177,63,61,0.98,84,0.901,0,0
2026-07-05,FAC-017,168,63,61,0.98,84,0.897,0,0
2026-07-06,FAC-017,197,63,61,0.98,87,0.929,0,0
2026-07-07,FAC-017,212,63,61,0.98,94,1.0,0,0
2026-07-08,FAC-017,212,63,61,0.98,79,0.841,0,0
2026-07-09,FAC-017,212,63,61,0.98,85,0.911,0,0
2026-07-10,FAC-017,220,63,61,0.98,85,0.914,0,0
2026-07-11,FAC-017,165,63,61,0.98,81,0.867,0,0
2026-07-12,FAC-017,178,63,61,0.98,78,0.83,0,0
2026-07-13,FAC-017,209,63,61,0.98,82,0.882,5,0
2026-07-14,FAC-017,223,63,61,0.98,86,0.915,0,0
2026-07-15,FAC-017,211,63,61,0.98,75,0.807,0,0
2026-07-16,FAC-017,209,63,61,0.98,87,0.932,0,0
2026-07-17,FAC-017,241,63,61,0.98,92,0.989,5,0
2026-07-18,FAC-017,173,63,61,0.98,89,0.949,0,0
2026-07-19,FAC-017,170,63,61,0.98,84,0.897,0,0
2026-07-20,FAC-017,226,63,61,0.98,82,0.882,0,0
2026-07-21,FAC-017,239,63,61,0.98,89,0.95,0,0
2026-07-22,FAC-017,212,63,61,0.98,80,0.859,0,0
2026-07-23,FAC-017,205,63,61,0.98,82,0.873,0,0
2026-07-24,FAC-017,244,63,61,0.98,83,0.891,0,0
2026-07-25,FAC-017,259,63,61,0.98,85,0.906,0,1
2026-07-26,FAC-017,201,63,61,0.98,80,0.859,0,0
2026-07-27,FAC-017,230,63,61,0.98,90,0.964,0,0
2026-07-28,FAC-017,225,63,61,0.98,83,0.891,0,0
2026-07-29,FAC-017,196,63,61,0.98,90,0.959,0,0
2026-07-30,FAC-017,222,63,61,0.98,86,0.921,0,0
2026-07-31,FAC-017,194,63,61,0.98,85,0.909,0,0
2026-08-01,FAC-017,181,63,61,0.98,75,0.798,0,0
2026-08-02,FAC-017,173,63,61,0.98,88,0.94,0,0
2026-08-03,FAC-017,220,63,61,0.98,78,0.838,0,0
2026-08-04,FAC-017,232,63,61,0.98,88,0.942,0,0
2026-08-05,FAC-017,209,63,61,0.98,86,0.918,2,0
2026-08-06,FAC-017,205,63,61,0.98,83,0.886,0,0
2026-08-07,FAC-017,226,63,61,0.98,84,0.898,0,0
2026-08-08,FAC-017,190,63,61,0.98,92,0.981,0,0
2026-08-09,FAC-017,196,63,61,0.98,85,0.913,0,0
2026-08-10,FAC-017,223,63,61,0.98,74,0.79,0,0
2026-08-11,FAC-017,212,63,61,0.98,91,0.977,0,0
2026-08-12,FAC-017,217,63,61,0.98,89,0.954,0,0
2026-08-13,FAC-017,225,63,61,0.98,84,0.896,0,0
2026-08-14,FAC-017,212,63,61,0.98,80,0.859,3,0
2026-08-15,FAC-017,182,63,61,0.98,76,0.811,0,0
2026-08-16,FAC-017,202,63,61,0.98,84,0.902,0,0
2026-08-17,FAC-017,225,63,61,0.98,87,0.927,1,0
2026-08-18,FAC-017,212,63,61,0.98,87,0.934,0,0
2026-08-19,FAC-017,244,63,61,0.98,89,0.955,0,0
2026-08-20,FAC-017,209,63,61,0.98,93,0.989,0,0
2026-08-21,FAC-017,254,63,61,0.98,82,0.88,0,0
2026-08-22,FAC-017,169,63,61,0.98,75,0.799,0,0
2026-08-23,FAC-017,184,63,61,0.98,83,0.892,0,0
2026-08-24,FAC-017,224,63,61,0.98,82,0.876,0,0
2026-08-25,FAC-017,255,63,61,0.98,83,0.892,0,0
2026-08-26,FAC-017,209,63,61,0.98,82,0.879,0,0
2026-08-27,FAC-017,199,63,61,0.98,91,0.973,0,0
2026-08-28,FAC-017,222,63,61,0.98,77,0.826,0,0
2026-08-29,FAC-017,188,63,61,0.98,82,0.88,0,0
2026-08-30,FAC-017,202,63,61,0.98,92,0.983,0,0
2026-08-31,FAC-017,202,63,61,0.98,88,0.946,0,0
2026-09-01,FAC-017,227,63,61,0.98,86,0.925,0,0
2026-09-02,FAC-017,252,63,61,0.98,90,0.964,0,0
2026-09-03,FAC-017,214,63,61,0.98,89,0.955,0,0
2026-09-04,FAC-017,248,63,61,0.98,84,0.895,0,0
2026-09-05,FAC-017,207,63,61,0.98,76,0.815,0,0
2026-09-06,FAC-017,197,63,61,0.98,88,0.936,0,0
2026-09-07,FAC-017,221,63,61,0.98,80,0.851,0,0
2026-09-08,FAC-017,230,63,61,0.98,91,0.973,0,0
2026-09-09,FAC-017,256,63,61,0.98,86,0.916,0,0
2026-09-10,FAC-017,193,63,61,0.98,83,0.888,0,0
2026-09-11,FAC-017,239,63,61,0.98,89,0.948,1,0
2026-09-12,FAC-017,187,63,61,0.98,86,0.915,0,0
2026-09-13,FAC-017,182,63,61,0.98,74,0.798,0,0
2026-09-14,FAC-017,216,63,61,0.98,81,0.869,0,0
2026-09-15,FAC-017,228,63,61,0.98,85,0.914,0,0
2026-09-16,FAC-017,239,63,61,0.98,82,0.882,0,0
2026-09-17,FAC-017,213,63,61,0.98,87,0.934,0,0
2026-09-18,FAC-017,246,63,61,0.98,81,0.868,0,0
2026-09-19,FAC-017,186,63,61,0.98,90,0.964,0,0
2026-09-20,FAC-017,202,63,61,0.98,77,0.825,0,0
2026-09-21,FAC-017,204,63,61,0.98,86,0.921,0,0
2026-09-22,FAC-017,202,63,61,0.98,88,0.938,0,0
2026-09-23,FAC-017,201,63,61,0.98,82,0.877,0,0
2026-09-24,FAC-017,244,63,61,0.98,78,0.838,0,0
2026-09-25,FAC-017,214,63,61,0.98,82,0.877,0,0
2026-09-26,FAC-017,185,63,61,0.98,83,0.89,0,0
2026-09-27,FAC-017,188,63,61,0.98,86,0.924,0,0
2026-04-01,FAC-018,229,62,60,0.98,64,0.844,0,0
2026-04-02,FAC-018,197,62,60,0.98,70,0.921,0,0
2026-04-03,FAC-018,212,62,60,0.98,76,0.992,0,0
2026-04-04,FAC-018,218,62,60,0.98,67,0.873,0,0
2026-04-05,FAC-018,222,62,60,0.98,67,0.871,0,0
2026-04-06,FAC-018,226,62,60,0.98,61,0.798,0,0
2026-04-07,FAC-018,251,62,60,0.98,70,0.915,2,0
2026-04-08,FAC-018,248,62,60,0.98,65,0.845,0,0
2026-04-09,FAC-018,254,62,60,0.98,66,0.863,0,0
2026-04-10,FAC-018,254,62,60,0.98,70,0.916,0,0
2026-04-11,FAC-018,183,62,60,0.98,70,0.917,0,0
2026-04-12,FAC-018,194,62,60,0.98,62,0.808,0,0
2026-04-13,FAC-018,204,62,60,0.98,67,0.871,0,0
2026-04-14,FAC-018,220,62,60,0.98,69,0.901,0,0
2026-04-15,FAC-018,231,62,60,0.98,69,0.904,0,0
2026-04-16,FAC-018,230,62,60,0.98,63,0.821,0,0
2026-04-17,FAC-018,242,62,60,0.98,65,0.85,0,0
2026-04-18,FAC-018,178,62,60,0.98,68,0.896,0,0
2026-04-19,FAC-018,197,62,60,0.98,67,0.882,0,0
2026-04-20,FAC-018,218,62,60,0.98,64,0.841,0,0
2026-04-21,FAC-018,257,62,60,0.98,65,0.852,0,0
2026-04-22,FAC-018,264,62,60,0.98,63,0.821,0,0
2026-04-23,FAC-018,237,62,60,0.98,65,0.85,0,0
2026-04-24,FAC-018,212,62,60,0.98,68,0.885,0,0
2026-04-25,FAC-018,167,62,60,0.98,72,0.937,0,0
2026-04-26,FAC-018,186,62,60,0.98,72,0.94,0,0
2026-04-27,FAC-018,229,62,60,0.98,77,1.0,0,0
2026-04-28,FAC-018,225,62,60,0.98,75,0.977,0,0
2026-04-29,FAC-018,215,62,60,0.98,66,0.861,0,0
2026-04-30,FAC-018,199,62,60,0.98,71,0.924,0,0
2026-05-01,FAC-018,225,62,60,0.98,74,0.969,0,0
2026-05-02,FAC-018,200,62,60,0.98,72,0.942,0,0
2026-05-03,FAC-018,202,62,60,0.98,71,0.926,0,0
2026-05-04,FAC-018,241,62,60,0.98,73,0.954,0,0
2026-05-05,FAC-018,221,62,60,0.98,62,0.806,0,0
2026-05-06,FAC-018,242,62,60,0.98,64,0.84,0,0
2026-05-07,FAC-018,220,62,60,0.98,69,0.908,0,0
2026-05-08,FAC-018,214,62,60,0.98,73,0.951,0,0
2026-05-09,FAC-018,208,62,60,0.98,73,0.96,0,0
2026-05-10,FAC-018,214,62,60,0.98,71,0.922,0,0
2026-05-11,FAC-018,239,62,60,0.98,77,1.0,0,0
2026-05-12,FAC-018,217,62,60,0.98,68,0.895,0,0
2026-05-13,FAC-018,232,62,60,0.98,67,0.883,0,0
2026-05-14,FAC-018,216,62,60,0.98,64,0.834,2,0
2026-05-15,FAC-018,227,62,60,0.98,69,0.906,0,0
2026-05-16,FAC-018,174,62,60,0.98,70,0.922,0,0
2026-05-17,FAC-018,187,62,60,0.98,70,0.914,0,0
2026-05-18,FAC-018,247,62,60,0.98,67,0.881,5,0
2026-05-19,FAC-018,225,62,60,0.98,71,0.931,0,0
2026-05-20,FAC-018,232,62,60,0.98,68,0.887,0,0
2026-05-21,FAC-018,236,62,60,0.98,64,0.844,0,0
2026-05-22,FAC-018,237,62,60,0.98,71,0.927,0,0
2026-05-23,FAC-018,201,62,60,0.98,70,0.92,3,0
2026-05-24,FAC-018,213,62,60,0.98,67,0.88,0,0
2026-05-25,FAC-018,242,62,60,0.98,64,0.84,0,0
2026-05-26,FAC-018,239,62,60,0.98,71,0.929,0,0
2026-05-27,FAC-018,249,62,60,0.98,67,0.876,0,0
2026-05-28,FAC-018,242,62,60,0.98,75,0.985,0,0
2026-05-29,FAC-018,236,62,60,0.98,74,0.967,0,0
2026-05-30,FAC-018,177,62,60,0.98,75,0.98,0,0
2026-05-31,FAC-018,217,62,60,0.98,62,0.81,0,0
2026-06-01,FAC-018,236,62,60,0.98,70,0.92,0,0
2026-06-02,FAC-018,221,62,60,0.98,59,0.776,0,0
2026-06-03,FAC-018,260,62,60,0.98,70,0.909,0,0
2026-06-04,FAC-018,237,62,60,0.98,63,0.824,0,0
2026-06-05,FAC-018,218,62,60,0.98,70,0.922,0,0
2026-06-06,FAC-018,189,62,60,0.98,74,0.962,0,0
2026-06-07,FAC-018,215,62,60,0.98,76,0.991,0,0
2026-06-08,FAC-018,233,62,60,0.98,70,0.91,0,0
2026-06-09,FAC-018,251,62,60,0.98,67,0.871,0,0
2026-06-10,FAC-018,228,62,60,0.98,72,0.943,0,0
2026-06-11,FAC-018,230,62,60,0.98,68,0.888,0,0
2026-06-12,FAC-018,250,62,60,0.98,63,0.828,0,0
2026-06-13,FAC-018,195,62,60,0.98,75,0.981,0,0
2026-06-14,FAC-018,202,62,60,0.98,71,0.934,0,0
2026-06-15,FAC-018,230,62,60,0.98,65,0.846,0,0
2026-06-16,FAC-018,271,62,60,0.98,69,0.906,0,0
2026-06-17,FAC-018,234,62,60,0.98,70,0.917,0,0
2026-06-18,FAC-018,244,62,60,0.98,73,0.952,0,0
2026-06-19,FAC-018,239,62,60,0.98,66,0.863,0,0
2026-06-20,FAC-018,171,62,60,0.98,73,0.952,0,0
2026-06-21,FAC-018,189,62,60,0.98,66,0.862,0,0
2026-06-22,FAC-018,268,62,60,0.98,69,0.907,0,0
2026-06-23,FAC-018,237,62,60,0.98,68,0.894,0,0
2026-06-24,FAC-018,205,62,60,0.98,64,0.842,5,0
2026-06-25,FAC-018,241,62,60,0.98,61,0.796,0,0
2026-06-26,FAC-018,224,62,60,0.98,67,0.877,0,0
2026-06-27,FAC-018,216,62,60,0.98,71,0.925,0,0
2026-06-28,FAC-018,193,62,60,0.98,72,0.947,0,0
2026-06-29,FAC-018,226,62,60,0.98,69,0.903,0,0
2026-06-30,FAC-018,260,62,60,0.98,71,0.923,0,0
2026-07-01,FAC-018,239,62,60,0.98,70,0.916,4,0
2026-07-02,FAC-018,250,62,60,0.98,75,0.986,0,0
2026-07-03,FAC-018,204,62,60,0.98,68,0.894,0,0
2026-07-04,FAC-018,211,62,60,0.98,60,0.789,1,0
2026-07-05,FAC-018,196,62,60,0.98,69,0.902,0,0
2026-07-06,FAC-018,246,62,60,0.98,69,0.907,0,0
2026-07-07,FAC-018,261,62,60,0.98,67,0.874,0,0
2026-07-08,FAC-018,213,62,60,0.98,62,0.81,0,0
2026-07-09,FAC-018,266,62,60,0.98,74,0.972,0,0
2026-07-10,FAC-018,231,62,60,0.98,70,0.913,1,0
2026-07-11,FAC-018,204,62,60,0.98,71,0.924,0,0
2026-07-12,FAC-018,190,62,60,0.98,75,0.975,0,0
2026-07-13,FAC-018,255,62,60,0.98,76,1.0,0,0
2026-07-14,FAC-018,236,62,60,0.98,70,0.911,2,0
2026-07-15,FAC-018,221,62,60,0.98,73,0.959,0,0
2026-07-16,FAC-018,239,62,60,0.98,67,0.876,0,0
2026-07-17,FAC-018,258,62,60,0.98,64,0.839,0,0
2026-07-18,FAC-018,221,62,60,0.98,70,0.912,0,0
2026-07-19,FAC-018,183,62,60,0.98,74,0.971,0,0
2026-07-20,FAC-018,238,62,60,0.98,74,0.962,0,0
2026-07-21,FAC-018,280,62,60,0.98,77,1.0,0,0
2026-07-22,FAC-018,224,62,60,0.98,63,0.829,0,0
2026-07-23,FAC-018,251,62,60,0.98,68,0.891,0,0
2026-07-24,FAC-018,258,62,60,0.98,62,0.808,0,0
2026-07-25,FAC-018,196,62,60,0.98,67,0.872,0,0
2026-07-26,FAC-018,193,62,60,0.98,63,0.823,0,0
2026-07-27,FAC-018,237,62,60,0.98,66,0.866,3,0
2026-07-28,FAC-018,258,62,60,0.98,75,0.985,0,0
2026-07-29,FAC-018,240,62,60,0.98,72,0.945,0,0
2026-07-30,FAC-018,231,62,60,0.98,70,0.922,0,0
2026-07-31,FAC-018,244,62,60,0.98,68,0.886,0,0
2026-08-01,FAC-018,199,62,60,0.98,62,0.812,4,0
2026-08-02,FAC-018,219,62,60,0.98,67,0.88,0,0
2026-08-03,FAC-018,237,62,60,0.98,71,0.934,0,0
2026-08-04,FAC-018,270,62,60,0.98,69,0.906,0,0
2026-08-05,FAC-018,224,62,60,0.98,77,1.0,0,0
2026-08-06,FAC-018,236,62,60,0.98,66,0.866,0,0
2026-08-07,FAC-018,234,62,60,0.98,71,0.924,0,0
2026-08-08,FAC-018,193,62,60,0.98,72,0.945,0,0
2026-08-09,FAC-018,189,62,60,0.98,76,0.988,0,0
2026-08-10,FAC-018,216,62,60,0.98,70,0.916,0,0
2026-08-11,FAC-018,445,62,60,0.98,71,0.924,0,1
2026-08-12,FAC-018,256,62,60,0.98,72,0.948,0,0
2026-08-13,FAC-018,261,62,60,0.98,75,0.975,0,0
2026-08-14,FAC-018,267,62,60,0.98,67,0.873,0,0
2026-08-15,FAC-018,192,62,60,0.98,71,0.934,0,0
2026-08-16,FAC-018,202,62,60,0.98,75,0.976,0,0
2026-08-17,FAC-018,248,62,60,0.98,73,0.951,0,0
2026-08-18,FAC-018,275,62,60,0.98,71,0.926,0,0
2026-08-19,FAC-018,217,62,60,0.98,69,0.908,0,0
2026-08-20,FAC-018,257,62,60,0.98,60,0.788,0,0
2026-08-21,FAC-018,236,62,60,0.98,73,0.961,4,0
2026-08-22,FAC-018,189,62,60,0.98,66,0.861,0,0
2026-08-23,FAC-018,214,62,60,0.98,70,0.911,0,0
2026-08-24,FAC-018,263,62,60,0.98,66,0.859,0,0
2026-08-25,FAC-018,249,62,60,0.98,65,0.848,0,0
2026-08-26,FAC-018,286,62,60,0.98,68,0.894,0,0
2026-08-27,FAC-018,240,62,60,0.98,68,0.896,0,0
2026-08-28,FAC-018,218,62,60,0.98,76,0.99,0,0
2026-08-29,FAC-018,199,62,60,0.98,61,0.798,0,0
2026-08-30,FAC-018,291,62,60,0.98,69,0.904,2,1
2026-08-31,FAC-018,242,62,60,0.98,71,0.93,0,0
2026-09-01,FAC-018,246,62,60,0.98,70,0.913,0,0
2026-09-02,FAC-018,268,62,60,0.98,70,0.912,0,0
2026-09-03,FAC-018,276,62,60,0.98,75,0.978,0,0
2026-09-04,FAC-018,259,62,60,0.98,75,0.978,0,0
2026-09-05,FAC-018,212,62,60,0.98,70,0.917,2,0
2026-09-06,FAC-018,204,62,60,0.98,66,0.864,0,0
2026-09-07,FAC-018,272,62,60,0.98,67,0.877,0,0
2026-09-08,FAC-018,349,62,60,0.98,70,0.911,0,1
2026-09-09,FAC-018,255,62,60,0.98,61,0.804,0,0
2026-09-10,FAC-018,260,62,60,0.98,64,0.838,0,0
2026-09-11,FAC-018,279,62,60,0.98,69,0.9,0,0
2026-09-12,FAC-018,203,62,60,0.98,73,0.959,0,0
2026-09-13,FAC-018,197,62,60,0.98,73,0.96,0,0
2026-09-14,FAC-018,210,62,60,0.98,69,0.899,0,0
2026-09-15,FAC-018,253,62,60,0.98,67,0.882,0,0
2026-09-16,FAC-018,298,62,60,0.98,68,0.886,0,0
2026-09-17,FAC-018,232,62,60,0.98,72,0.937,0,0
2026-09-18,FAC-018,272,62,60,0.98,68,0.885,0,0
2026-09-19,FAC-018,218,62,60,0.98,69,0.9,5,0
2026-09-20,FAC-018,220,62,60,0.98,76,0.993,4,0
2026-09-21,FAC-018,268,62,60,0.98,64,0.835,0,0
2026-09-22,FAC-018,228,62,60,0.98,63,0.823,0,0
2026-09-23,FAC-018,242,62,60,0.98,68,0.896,0,0
2026-09-24,FAC-018,254,62,60,0.98,72,0.936,0,0
2026-09-25,FAC-018,236,62,60,0.98,70,0.914,0,0
2026-09-26,FAC-018,213,62,60,0.98,65,0.855,0,0
2026-09-27,FAC-018,206,62,60,0.98,62,0.817,0,0
2026-04-01,FAC-019,97,83,81,0.98,42,0.85,0,0
2026-04-02,FAC-019,100,83,81,0.98,40,0.809,0,0
2026-04-03,FAC-019,98,83,81,0.98,43,0.877,0,0
2026-04-04,FAC-019,67,83,66,0.798,49,0.988,0,0
2026-04-05,FAC-019,81,83,81,0.98,42,0.851,0,0
2026-04-06,FAC-019,89,83,81,0.98,42,0.851,0,0
2026-04-07,FAC-019,100,83,81,0.98,49,0.988,0,0
2026-04-08,FAC-019,94,83,81,0.98,46,0.936,0,0
2026-04-09,FAC-019,105,83,81,0.98,44,0.886,0,0
2026-04-10,FAC-019,95,83,81,0.98,50,1.0,0,0
2026-04-11,FAC-019,86,83,81,0.98,46,0.933,0,0
2026-04-12,FAC-019,84,83,81,0.98,43,0.866,0,0
2026-04-13,FAC-019,96,83,81,0.98,49,0.993,0,0
2026-04-14,FAC-019,102,83,81,0.98,50,1.0,0,0
2026-04-15,FAC-019,87,83,81,0.98,40,0.819,0,0
2026-04-16,FAC-019,100,83,81,0.98,41,0.823,0,0
2026-04-17,FAC-019,92,83,81,0.98,45,0.911,0,0
2026-04-18,FAC-019,77,83,72,0.872,40,0.811,0,0
2026-04-19,FAC-019,75,83,72,0.874,47,0.959,0,0
2026-04-20,FAC-019,107,83,81,0.98,46,0.925,0,0
2026-04-21,FAC-019,100,83,81,0.98,46,0.929,0,0
2026-04-22,FAC-019,86,83,81,0.98,39,0.784,0,0
2026-04-23,FAC-019,108,83,81,0.98,41,0.835,0,0
2026-04-24,FAC-019,103,83,81,0.98,42,0.859,0,0
2026-04-25,FAC-019,74,83,64,0.774,43,0.863,0,0
2026-04-26,FAC-019,81,83,72,0.879,45,0.902,0,0
2026-04-27,FAC-019,90,83,81,0.98,48,0.974,0,0
2026-04-28,FAC-019,101,83,81,0.98,43,0.868,0,0
2026-04-29,FAC-019,110,83,81,0.98,50,1.0,0,0
2026-04-30,FAC-019,89,83,81,0.98,49,0.985,0,0
2026-05-01,FAC-019,93,83,81,0.98,46,0.938,0,0
2026-05-02,FAC-019,87,83,81,0.98,48,0.97,0,0
2026-05-03,FAC-019,82,83,81,0.98,39,0.797,0,0
2026-05-04,FAC-019,108,83,81,0.98,42,0.854,0,0
2026-05-05,FAC-019,87,83,81,0.98,46,0.924,0,0
2026-05-06,FAC-019,96,83,81,0.98,50,1.0,0,0
2026-05-07,FAC-019,88,83,75,0.904,44,0.896,0,0
2026-05-08,FAC-019,94,83,81,0.98,48,0.976,0,0
2026-05-09,FAC-019,142,83,81,0.98,43,0.874,0,1
2026-05-10,FAC-019,84,83,81,0.98,50,1.0,0,0
2026-05-11,FAC-019,101,83,81,0.98,45,0.911,0,0
2026-05-12,FAC-019,83,83,79,0.955,45,0.917,0,0
2026-05-13,FAC-019,105,83,81,0.98,47,0.955,0,0
2026-05-14,FAC-019,88,83,81,0.98,48,0.98,0,0
2026-05-15,FAC-019,92,83,81,0.98,48,0.964,0,0
2026-05-16,FAC-019,76,83,78,0.943,45,0.91,0,0
2026-05-17,FAC-019,83,83,72,0.878,44,0.884,0,0
2026-05-18,FAC-019,98,83,81,0.98,41,0.822,0,0
2026-05-19,FAC-019,92,83,81,0.98,45,0.92,0,0
2026-05-20,FAC-019,107,83,81,0.98,47,0.946,0,0
2026-05-21,FAC-019,107,83,81,0.98,46,0.924,0,0
2026-05-22,FAC-019,98,83,81,0.98,42,0.855,0,0
2026-05-23,FAC-019,87,83,81,0.98,47,0.944,0,0
2026-05-24,FAC-019,72,83,61,0.736,40,0.808,0,0
2026-05-25,FAC-019,101,83,81,0.98,45,0.919,0,0
2026-05-26,FAC-019,106,83,81,0.98,49,0.984,0,0
2026-05-27,FAC-019,94,83,81,0.98,43,0.862,0,0
2026-05-28,FAC-019,108,83,81,0.98,44,0.899,0,0
2026-05-29,FAC-019,96,83,81,0.98,41,0.839,0,0
2026-05-30,FAC-019,85,83,81,0.98,50,1.0,0,0
2026-05-31,FAC-019,80,83,81,0.98,43,0.862,0,0
2026-06-01,FAC-019,111,83,81,0.98,42,0.847,0,0
2026-06-02,FAC-019,105,83,81,0.98,44,0.882,0,0
2026-06-03,FAC-019,105,83,81,0.98,50,1.0,0,0
2026-06-04,FAC-019,84,83,81,0.98,41,0.825,0,0
2026-06-05,FAC-019,100,83,81,0.98,44,0.885,0,0
2026-06-06,FAC-019,79,83,80,0.964,48,0.964,0,0
2026-06-07,FAC-019,83,83,81,0.98,48,0.963,0,0
2026-06-08,FAC-019,117,83,81,0.98,44,0.896,0,0
2026-06-09,FAC-019,88,83,81,0.98,44,0.888,0,0
2026-06-10,FAC-019,100,83,81,0.98,44,0.888,0,0
2026-06-11,FAC-019,86,83,81,0.98,46,0.936,0,0
2026-06-12,FAC-019,97,83,81,0.98,39,0.786,0,0
2026-06-13,FAC-019,94,83,81,0.98,42,0.843,0,0
2026-06-14,FAC-019,102,83,81,0.98,44,0.882,5,0
2026-06-15,FAC-019,98,83,81,0.98,43,0.872,0,0
2026-06-16,FAC-019,111,83,81,0.98,48,0.961,0,0
2026-06-17,FAC-019,103,83,81,0.98,49,0.981,0,0
2026-06-18,FAC-019,115,83,81,0.98,42,0.848,0,0
2026-06-19,FAC-019,100,83,81,0.98,43,0.866,0,0
2026-06-20,FAC-019,81,83,81,0.98,42,0.841,0,0
2026-06-21,FAC-019,78,83,66,0.804,46,0.929,0,0
2026-06-22,FAC-019,104,83,81,0.98,47,0.96,0,0
2026-06-23,FAC-019,93,83,81,0.98,45,0.903,0,0
2026-06-24,FAC-019,95,83,81,0.98,43,0.866,0,0
2026-06-25,FAC-019,103,83,81,0.98,43,0.874,0,0
2026-06-26,FAC-019,95,83,81,0.98,40,0.801,0,0
2026-06-27,FAC-019,86,83,81,0.98,42,0.858,0,0
2026-06-28,FAC-019,85,83,81,0.98,47,0.945,0,0
2026-06-29,FAC-019,102,83,81,0.98,41,0.826,0,0
2026-06-30,FAC-019,105,83,81,0.98,38,0.776,0,0
2026-07-01,FAC-019,110,83,81,0.98,47,0.953,0,0
2026-07-02,FAC-019,95,83,81,0.98,43,0.874,0,0
2026-07-03,FAC-019,99,83,81,0.98,44,0.891,0,0
2026-07-04,FAC-019,81,83,71,0.867,46,0.922,0,0
2026-07-05,FAC-019,94,83,81,0.98,47,0.941,0,0
2026-07-06,FAC-019,94,83,81,0.98,45,0.902,0,0
2026-07-07,FAC-019,104,83,81,0.98,46,0.921,0,0
2026-07-08,FAC-019,97,83,81,0.98,40,0.809,0,0
2026-07-09,FAC-019,95,83,81,0.98,45,0.919,0,0
2026-07-10,FAC-019,107,83,81,0.98,44,0.89,0,0
2026-07-11,FAC-019,98,83,81,0.98,43,0.868,0,0
2026-07-12,FAC-019,75,83,69,0.835,42,0.846,0,0
2026-07-13,FAC-019,118,83,81,0.98,45,0.903,0,0
2026-07-14,FAC-019,105,83,81,0.98,45,0.9,0,0
2026-07-15,FAC-019,98,83,81,0.98,46,0.921,0,0
2026-07-16,FAC-019,96,83,81,0.98,43,0.869,0,0
2026-07-17,FAC-019,91,83,81,0.98,46,0.936,0,0
2026-07-18,FAC-019,98,83,81,0.98,49,0.991,0,0
2026-07-19,FAC-019,89,83,81,0.98,38,0.772,0,0
2026-07-20,FAC-019,95,83,81,0.98,45,0.904,0,0
2026-07-21,FAC-019,102,83,81,0.98,46,0.93,0,0
2026-07-22,FAC-019,109,83,81,0.98,48,0.972,0,0
2026-07-23,FAC-019,112,83,81,0.98,50,1.0,0,0
2026-07-24,FAC-019,114,83,81,0.98,46,0.924,0,0
2026-07-25,FAC-019,74,83,62,0.758,43,0.87,0,0
2026-07-26,FAC-019,81,83,77,0.936,45,0.92,3,0
2026-07-27,FAC-019,113,83,81,0.98,46,0.925,0,0
2026-07-28,FAC-019,94,83,81,0.98,46,0.938,0,0
2026-07-29,FAC-019,96,83,81,0.98,46,0.93,0,0
2026-07-30,FAC-019,102,83,81,0.98,48,0.967,0,0
2026-07-31,FAC-019,112,83,81,0.98,43,0.861,0,0
2026-08-01,FAC-019,90,83,81,0.98,46,0.92,0,0
2026-08-02,FAC-019,79,83,69,0.84,44,0.898,0,0
2026-08-03,FAC-019,96,83,81,0.98,40,0.81,0,0
2026-08-04,FAC-019,91,83,81,0.98,40,0.808,0,0
2026-08-05,FAC-019,117,83,81,0.98,43,0.864,0,0
2026-08-06,FAC-019,107,83,81,0.98,45,0.912,0,0
2026-08-07,FAC-019,103,83,81,0.98,46,0.938,0,0
2026-08-08,FAC-019,98,83,81,0.98,42,0.849,0,0
2026-08-09,FAC-019,89,83,81,0.98,41,0.827,0,0
2026-08-10,FAC-019,99,83,81,0.98,40,0.819,0,0
2026-08-11,FAC-019,98,83,81,0.98,42,0.848,0,0
2026-08-12,FAC-019,100,83,81,0.98,48,0.979,0,0
2026-08-13,FAC-019,105,83,81,0.98,49,0.992,0,0
2026-08-14,FAC-019,86,83,81,0.98,41,0.838,0,0
2026-08-15,FAC-019,87,83,81,0.98,40,0.804,0,0
2026-08-16,FAC-019,89,83,81,0.98,49,0.988,0,0
2026-08-17,FAC-019,126,83,81,0.98,49,0.985,5,0
2026-08-18,FAC-019,103,83,81,0.98,46,0.922,0,0
2026-08-19,FAC-019,93,83,81,0.98,39,0.796,5,0
2026-08-20,FAC-019,108,83,81,0.98,42,0.851,2,0
2026-08-21,FAC-019,116,83,81,0.98,48,0.977,0,0
2026-08-22,FAC-019,89,83,81,0.98,44,0.893,0,0
2026-08-23,FAC-019,79,83,80,0.969,45,0.902,0,0
2026-08-24,FAC-019,108,83,81,0.98,45,0.907,1,0
2026-08-25,FAC-019,92,83,81,0.98,45,0.901,0,0
2026-08-26,FAC-019,137,83,81,0.98,46,0.923,0,1
2026-08-27,FAC-019,101,83,81,0.98,43,0.864,0,0
2026-08-28,FAC-019,107,83,81,0.98,42,0.846,0,0
2026-08-29,FAC-019,100,83,81,0.98,36,0.738,0,0
2026-08-30,FAC-019,85,83,81,0.98,44,0.888,0,0
2026-08-31,FAC-019,90,83,81,0.98,41,0.835,3,0
2026-09-01,FAC-019,99,83,81,0.98,46,0.93,0,0
2026-09-02,FAC-019,105,83,81,0.98,50,1.0,0,0
2026-09-03,FAC-019,111,83,81,0.98,39,0.791,0,0
2026-09-04,FAC-019,98,83,81,0.98,42,0.854,0,0
2026-09-05,FAC-019,94,83,81,0.98,48,0.964,2,0
2026-09-06,FAC-019,94,83,81,0.98,48,0.966,0,0
2026-09-07,FAC-019,116,83,81,0.98,45,0.914,0,0
2026-09-08,FAC-019,110,83,81,0.98,44,0.893,0,0
2026-09-09,FAC-019,104,83,81,0.98,42,0.853,0,0
2026-09-10,FAC-019,113,83,81,0.98,45,0.916,0,0
2026-09-11,FAC-019,117,83,81,0.98,43,0.877,0,0
2026-09-12,FAC-019,99,83,81,0.98,45,0.903,0,0
2026-09-13,FAC-019,84,83,81,0.98,46,0.934,0,0
2026-09-14,FAC-019,110,83,81,0.98,44,0.885,0,0
2026-09-15,FAC-019,103,83,81,0.98,47,0.953,0,0
2026-09-16,FAC-019,94,83,81,0.98,43,0.876,0,0
2026-09-17,FAC-019,106,83,81,0.98,42,0.857,0,0
2026-09-18,FAC-019,96,83,81,0.98,46,0.922,0,0
2026-09-19,FAC-019,85,83,81,0.98,50,1.0,0,0
2026-09-20,FAC-019,92,83,81,0.98,42,0.845,0,0
2026-09-21,FAC-019,108,83,81,0.98,50,1.0,0,0
2026-09-22,FAC-019,179,83,81,0.98,46,0.925,0,1
2026-09-23,FAC-019,96,83,81,0.98,44,0.887,0,0
2026-09-24,FAC-019,183,83,81,0.98,47,0.945,0,1
2026-09-25,FAC-019,103,83,81,0.98,42,0.857,0,0
2026-09-26,FAC-019,91,83,81,0.98,44,0.899,0,0
2026-09-27,FAC-019,91,83,81,0.98,48,0.972,0,0
2026-04-01,FAC-020,149,43,42,0.98,38,0.98,5,0
2026-04-02,FAC-020,155,43,42,0.98,36,0.924,0,0
2026-04-03,FAC-020,118,43,42,0.98,35,0.904,0,0
2026-04-04,FAC-020,127,43,42,0.98,39,1.0,0,0
2026-04-05,FAC-020,118,43,42,0.98,33,0.849,0,0
2026-04-06,FAC-020,133,43,42,0.98,30,0.789,0,0
2026-04-07,FAC-020,151,43,42,0.98,39,1.0,0,0
2026-04-08,FAC-020,136,43,42,0.98,37,0.974,0,0
2026-04-09,FAC-020,151,43,42,0.98,34,0.885,0,0
2026-04-10,FAC-020,160,43,42,0.98,36,0.929,0,0
2026-04-11,FAC-020,128,43,42,0.98,36,0.947,0,0
2026-04-12,FAC-020,125,43,42,0.98,35,0.906,2,0
2026-04-13,FAC-020,128,43,42,0.98,37,0.952,4,0
2026-04-14,FAC-020,181,43,42,0.98,33,0.863,0,1
2026-04-15,FAC-020,146,43,42,0.98,38,0.997,0,0
2026-04-16,FAC-020,164,43,42,0.98,35,0.907,0,0
2026-04-17,FAC-020,136,43,42,0.98,34,0.885,0,0
2026-04-18,FAC-020,127,43,42,0.98,35,0.904,0,0
2026-04-19,FAC-020,136,43,42,0.98,37,0.959,0,0
2026-04-20,FAC-020,152,43,42,0.98,35,0.904,0,0
2026-04-21,FAC-020,146,43,42,0.98,32,0.84,0,0
2026-04-22,FAC-020,156,43,42,0.98,34,0.876,0,0
2026-04-23,FAC-020,135,43,42,0.98,34,0.891,0,0
2026-04-24,FAC-020,142,43,42,0.98,34,0.889,0,0
2026-04-25,FAC-020,115,43,42,0.98,36,0.944,0,0
2026-04-26,FAC-020,225,43,42,0.98,38,0.994,0,1
2026-04-27,FAC-020,141,43,42,0.98,33,0.847,0,0
2026-04-28,FAC-020,148,43,42,0.98,31,0.808,0,0
2026-04-29,FAC-020,123,43,42,0.98,36,0.934,0,0
2026-04-30,FAC-020,148,43,42,0.98,32,0.832,0,0
2026-05-01,FAC-020,136,43,42,0.98,39,1.0,4,0
2026-05-02,FAC-020,131,43,42,0.98,32,0.836,0,0
2026-05-03,FAC-020,130,43,42,0.98,39,1.0,0,0
2026-05-04,FAC-020,136,43,42,0.98,31,0.812,0,0
2026-05-05,FAC-020,149,43,42,0.98,38,0.991,0,0
2026-05-06,FAC-020,157,43,42,0.98,37,0.952,0,0
2026-05-07,FAC-020,133,43,42,0.98,35,0.907,0,0
2026-05-08,FAC-020,134,43,42,0.98,39,1.0,0,0
2026-05-09,FAC-020,123,43,42,0.98,34,0.892,0,0
2026-05-10,FAC-020,120,43,42,0.98,32,0.821,0,0
2026-05-11,FAC-020,152,43,42,0.98,30,0.78,0,0
2026-05-12,FAC-020,134,43,42,0.98,36,0.933,0,0
2026-05-13,FAC-020,159,43,42,0.98,31,0.798,0,0
2026-05-14,FAC-020,140,43,42,0.98,34,0.896,0,0
2026-05-15,FAC-020,149,43,42,0.98,34,0.874,0,0
2026-05-16,FAC-020,132,43,42,0.98,34,0.888,0,0
2026-05-17,FAC-020,143,43,42,0.98,30,0.77,0,0
2026-05-18,FAC-020,150,43,42,0.98,36,0.929,3,0
2026-05-19,FAC-020,149,43,42,0.98,35,0.913,0,0
2026-05-20,FAC-020,157,43,42,0.98,35,0.912,0,0
2026-05-21,FAC-020,154,43,42,0.98,34,0.874,0,0
2026-05-22,FAC-020,143,43,42,0.98,34,0.877,0,0
2026-05-23,FAC-020,136,43,42,0.98,32,0.84,0,0
2026-05-24,FAC-020,107,43,42,0.98,37,0.955,0,0
2026-05-25,FAC-020,199,43,42,0.98,33,0.865,0,1
2026-05-26,FAC-020,153,43,42,0.98,34,0.885,2,0
2026-05-27,FAC-020,162,43,42,0.98,32,0.829,0,0
2026-05-28,FAC-020,164,43,42,0.98,32,0.828,0,0
2026-05-29,FAC-020,170,43,42,0.98,30,0.783,0,0
2026-05-30,FAC-020,120,43,42,0.98,33,0.859,0,0
2026-05-31,FAC-020,122,43,42,0.98,34,0.882,0,0
2026-06-01,FAC-020,148,43,42,0.98,33,0.855,0,0
2026-06-02,FAC-020,164,43,42,0.98,36,0.937,0,0
2026-06-03,FAC-020,169,43,42,0.98,35,0.912,0,0
2026-06-04,FAC-020,138,43,42,0.98,38,0.994,3,0
2026-06-05,FAC-020,159,43,42,0.98,30,0.784,0,0
2026-06-06,FAC-020,120,43,42,0.98,36,0.925,0,0
2026-06-07,FAC-020,133,43,42,0.98,33,0.863,0,0
2026-06-08,FAC-020,154,43,42,0.98,31,0.804,0,0
2026-06-09,FAC-020,141,43,42,0.98,31,0.806,0,0
2026-06-10,FAC-020,152,43,42,0.98,33,0.848,0,0
2026-06-11,FAC-020,166,43,42,0.98,32,0.846,0,0
2026-06-12,FAC-020,152,43,42,0.98,35,0.923,0,0
2026-06-13,FAC-020,139,43,42,0.98,39,1.0,0,0
2026-06-14,FAC-020,108,43,42,0.98,31,0.819,0,0
2026-06-15,FAC-020,148,43,42,0.98,39,1.0,4,0
2026-06-16,FAC-020,150,43,42,0.98,37,0.96,0,0
2026-06-17,FAC-020,150,43,42,0.98,36,0.94,0,0
2026-06-18,FAC-020,161,43,42,0.98,39,1.0,0,0
2026-06-19,FAC-020,143,43,42,0.98,33,0.861,0,0
2026-06-20,FAC-020,117,43,42,0.98,35,0.906,0,0
2026-06-21,FAC-020,108,43,42,0.98,37,0.963,0,0
2026-06-22,FAC-020,158,43,42,0.98,33,0.846,5,0
2026-06-23,FAC-020,132,43,42,0.98,34,0.873,0,0
2026-06-24,FAC-020,150,43,42,0.98,36,0.94,0,0
2026-06-25,FAC-020,173,43,42,0.98,29,0.76,0,0
2026-06-26,FAC-020,147,43,42,0.98,37,0.956,0,0
2026-06-27,FAC-020,128,43,42,0.98,34,0.876,0,0
2026-06-28,FAC-020,118,43,42,0.98,31,0.808,0,0
2026-06-29,FAC-020,136,43,42,0.98,32,0.838,0,0
2026-06-30,FAC-020,138,43,42,0.98,35,0.921,3,0
2026-07-01,FAC-020,156,43,42,0.98,34,0.895,0,0
2026-07-02,FAC-020,142,43,42,0.98,37,0.954,0,0
2026-07-03,FAC-020,153,43,42,0.98,35,0.917,0,0
2026-07-04,FAC-020,127,43,42,0.98,36,0.93,0,0
2026-07-05,FAC-020,121,43,42,0.98,30,0.775,0,0
2026-07-06,FAC-020,163,43,42,0.98,36,0.928,0,0
2026-07-07,FAC-020,138,43,42,0.98,33,0.857,0,0
2026-07-08,FAC-020,154,43,42,0.98,33,0.863,0,0
2026-07-09,FAC-020,152,43,42,0.98,38,0.986,3,0
2026-07-10,FAC-020,131,43,42,0.98,38,0.976,0,0
2026-07-11,FAC-020,115,43,42,0.98,35,0.908,0,0
2026-07-12,FAC-020,121,43,42,0.98,36,0.934,0,0
2026-07-13,FAC-020,146,43,42,0.98,36,0.924,0,0
2026-07-14,FAC-020,145,43,42,0.98,33,0.856,0,0
2026-07-15,FAC-020,163,43,42,0.98,34,0.881,0,0
2026-07-16,FAC-020,150,43,42,0.98,29,0.755,0,0
2026-07-17,FAC-020,158,43,42,0.98,35,0.917,0,0
2026-07-18,FAC-020,135,43,42,0.98,30,0.78,2,0
2026-07-19,FAC-020,119,43,42,0.98,35,0.912,0,0
2026-07-20,FAC-020,143,43,42,0.98,34,0.885,0,0
2026-07-21,FAC-020,164,43,42,0.98,35,0.917,0,0
2026-07-22,FAC-020,160,43,42,0.98,37,0.954,0,0
2026-07-23,FAC-020,156,43,42,0.98,32,0.827,0,0
2026-07-24,FAC-020,147,43,42,0.98,36,0.946,0,0
2026-07-25,FAC-020,186,43,42,0.98,39,1.0,0,1
2026-07-26,FAC-020,125,43,42,0.98,32,0.829,0,0
2026-07-27,FAC-020,151,43,42,0.98,36,0.934,0,0
2026-07-28,FAC-020,149,43,42,0.98,33,0.859,0,0
2026-07-29,FAC-020,175,43,42,0.98,36,0.946,0,0
2026-07-30,FAC-020,155,43,42,0.98,35,0.901,0,0
2026-07-31,FAC-020,156,43,42,0.98,36,0.946,0,0
2026-08-01,FAC-020,142,43,42,0.98,33,0.869,0,0
2026-08-02,FAC-020,123,43,42,0.98,34,0.873,0,0
2026-08-03,FAC-020,162,43,42,0.98,34,0.885,0,0
2026-08-04,FAC-020,144,43,42,0.98,36,0.944,0,0
2026-08-05,FAC-020,141,43,42,0.98,35,0.905,0,0
2026-08-06,FAC-020,163,43,42,0.98,37,0.965,0,0
2026-08-07,FAC-020,152,43,42,0.98,31,0.803,0,0
2026-08-08,FAC-020,156,43,42,0.98,35,0.913,0,0
2026-08-09,FAC-020,124,43,42,0.98,33,0.868,0,0
2026-08-10,FAC-020,149,43,42,0.98,37,0.967,0,0
2026-08-11,FAC-020,156,43,42,0.98,35,0.923,0,0
2026-08-12,FAC-020,132,43,42,0.98,31,0.81,0,0
2026-08-13,FAC-020,150,43,42,0.98,33,0.859,0,0
2026-08-14,FAC-020,137,43,42,0.98,36,0.926,0,0
2026-08-15,FAC-020,128,43,42,0.98,34,0.886,0,0
2026-08-16,FAC-020,135,43,42,0.98,39,1.0,0,0
2026-08-17,FAC-020,168,43,42,0.98,34,0.883,0,0
2026-08-18,FAC-020,145,43,42,0.98,35,0.91,0,0
2026-08-19,FAC-020,162,43,42,0.98,32,0.826,0,0
2026-08-20,FAC-020,150,43,42,0.98,35,0.912,0,0
2026-08-21,FAC-020,146,43,42,0.98,37,0.971,0,0
2026-08-22,FAC-020,114,43,42,0.98,38,0.975,0,0
2026-08-23,FAC-020,116,43,42,0.98,36,0.937,0,0
2026-08-24,FAC-020,154,43,42,0.98,35,0.904,0,0
2026-08-25,FAC-020,186,43,42,0.98,33,0.858,0,0
2026-08-26,FAC-020,168,43,42,0.98,35,0.899,0,0
2026-08-27,FAC-020,144,43,42,0.98,34,0.882,0,0
2026-08-28,FAC-020,150,43,42,0.98,37,0.96,0,0
2026-08-29,FAC-020,124,43,42,0.98,36,0.947,0,0
2026-08-30,FAC-020,130,43,42,0.98,37,0.962,0,0
2026-08-31,FAC-020,172,43,42,0.98,34,0.892,0,0
2026-09-01,FAC-020,138,43,42,0.98,35,0.9,0,0
2026-09-02,FAC-020,151,43,42,0.98,32,0.835,0,0
2026-09-03,FAC-020,165,43,42,0.98,30,0.776,0,0
2026-09-04,FAC-020,152,43,42,0.98,35,0.898,0,0
2026-09-05,FAC-020,120,43,42,0.98,35,0.918,0,0
2026-09-06,FAC-020,129,43,42,0.98,35,0.899,0,0
2026-09-07,FAC-020,149,43,42,0.98,33,0.871,0,0
2026-09-08,FAC-020,143,43,42,0.98,34,0.895,0,0
2026-09-09,FAC-020,123,43,42,0.98,38,0.975,0,0
2026-09-10,FAC-020,162,43,42,0.98,39,1.0,0,0
2026-09-11,FAC-020,144,43,42,0.98,39,1.0,0,0
2026-09-12,FAC-020,156,43,42,0.98,39,1.0,0,0
2026-09-13,FAC-020,214,43,42,0.98,36,0.946,0,1
2026-09-14,FAC-020,160,43,42,0.98,33,0.868,0,0
2026-09-15,FAC-020,180,43,42,0.98,38,0.982,0,0
2026-09-16,FAC-020,156,43,42,0.98,32,0.824,3,0
2026-09-17,FAC-020,151,43,42,0.98,31,0.814,0,0
2026-09-18,FAC-020,153,43,42,0.98,34,0.891,2,0
2026-09-19,FAC-020,144,43,42,0.98,34,0.882,0,0
2026-09-20,FAC-020,131,43,42,0.98,30,0.777,0,0
2026-09-21,FAC-020,169,43,42,0.98,37,0.959,0,0
2026-09-22,FAC-020,162,43,42,0.98,35,0.912,0,0
2026-09-23,FAC-020,159,43,42,0.98,35,0.904,0,0
2026-09-24,FAC-020,161,43,42,0.98,34,0.897,0,0
2026-09-25,FAC-020,175,43,42,0.98,32,0.835,0,0
2026-09-26,FAC-020,123,43,42,0.98,37,0.96,0,0
2026-09-27,FAC-020,143,43,42,0.98,34,0.895,0,0
2026-04-01,FAC-021,124,181,129,0.715,17,0.833,0,0
2026-04-02,FAC-021,224,181,177,0.98,19,0.917,0,1
2026-04-03,FAC-021,135,181,126,0.698,20,0.986,0,0
2026-04-04,FAC-021,123,181,114,0.635,18,0.885,0,0
2026-04-05,FAC-021,136,181,132,0.733,18,0.859,0,0
2026-04-06,FAC-021,134,181,126,0.696,18,0.864,0,0
2026-04-07,FAC-021,127,181,110,0.612,17,0.85,0,0
2026-04-08,FAC-021,149,181,143,0.793,18,0.888,0,0
2026-04-09,FAC-021,156,181,174,0.965,18,0.883,0,0
2026-04-10,FAC-021,135,181,122,0.677,19,0.942,0,0
2026-04-11,FAC-021,119,181,113,0.627,17,0.851,0,0
2026-04-12,FAC-021,113,181,117,0.65,17,0.821,0,0
2026-04-13,FAC-021,154,181,146,0.808,18,0.891,0,0
2026-04-14,FAC-021,127,181,126,0.701,18,0.88,0,0
2026-04-15,FAC-021,142,181,163,0.902,19,0.911,0,0
2026-04-16,FAC-021,133,181,122,0.678,19,0.936,0,0
2026-04-17,FAC-021,157,181,161,0.89,19,0.941,0,0
2026-04-18,FAC-021,127,181,147,0.815,16,0.783,0,0
2026-04-19,FAC-021,128,181,142,0.786,17,0.82,0,0
2026-04-20,FAC-021,133,181,120,0.667,17,0.856,0,0
2026-04-21,FAC-021,137,181,140,0.776,19,0.952,0,0
2026-04-22,FAC-021,155,181,142,0.789,17,0.849,0,0
2026-04-23,FAC-021,158,181,167,0.925,19,0.905,0,0
2026-04-24,FAC-021,148,181,147,0.815,19,0.931,0,0
2026-04-25,FAC-021,118,181,121,0.673,16,0.809,4,0
2026-04-26,FAC-021,115,181,105,0.581,18,0.878,0,0
2026-04-27,FAC-021,132,181,124,0.687,16,0.809,0,0
2026-04-28,FAC-021,150,181,148,0.822,16,0.798,0,0
2026-04-29,FAC-021,134,181,138,0.767,18,0.867,0,0
2026-04-30,FAC-021,135,181,133,0.74,19,0.921,0,0
2026-05-01,FAC-021,127,181,134,0.746,17,0.852,0,0
2026-05-02,FAC-021,122,181,121,0.671,18,0.868,0,0
2026-05-03,FAC-021,112,181,107,0.596,20,0.998,0,0
2026-05-04,FAC-021,128,181,152,0.843,18,0.884,1,0
2026-05-05,FAC-021,144,181,128,0.709,17,0.854,3,0
2026-05-06,FAC-021,138,181,122,0.679,18,0.887,0,0
2026-05-07,FAC-021,139,181,165,0.916,17,0.83,0,0
2026-05-08,FAC-021,145,181,148,0.821,17,0.836,0,0
2026-05-09,FAC-021,129,181,123,0.681,15,0.75,0,0
2026-05-10,FAC-021,129,181,112,0.623,17,0.837,0,0
2026-05-11,FAC-021,152,181,146,0.812,20,0.955,0,0
2026-05-12,FAC-021,158,181,148,0.821,19,0.948,0,0
2026-05-13,FAC-021,135,181,167,0.925,18,0.858,0,0
2026-05-14,FAC-021,156,181,168,0.929,19,0.919,0,0
2026-05-15,FAC-021,137,181,134,0.745,16,0.771,0,0
2026-05-16,FAC-021,171,181,176,0.973,19,0.908,4,1
2026-05-17,FAC-021,93,181,74,0.413,17,0.855,0,0
2026-05-18,FAC-021,148,181,152,0.841,18,0.89,0,0
2026-05-19,FAC-021,152,181,137,0.758,19,0.937,0,0
2026-05-20,FAC-021,150,181,155,0.859,18,0.889,0,0
2026-05-21,FAC-021,166,181,173,0.957,17,0.842,0,0
2026-05-22,FAC-021,148,181,158,0.878,18,0.865,0,0
2026-05-23,FAC-021,134,181,139,0.771,15,0.759,0,0
2026-05-24,FAC-021,126,181,120,0.664,19,0.932,0,0
2026-05-25,FAC-021,156,181,158,0.877,20,1.0,0,0
2026-05-26,FAC-021,143,181,152,0.84,19,0.948,0,0
2026-05-27,FAC-021,144,181,155,0.858,18,0.864,0,0
2026-05-28,FAC-021,140,181,120,0.668,19,0.914,0,0
2026-05-29,FAC-021,149,181,166,0.918,19,0.947,2,0
2026-05-30,FAC-021,121,181,103,0.574,19,0.926,0,0
2026-05-31,FAC-021,134,181,144,0.801,20,0.965,0,0
2026-06-01,FAC-021,143,181,136,0.753,17,0.856,0,0
2026-06-02,FAC-021,145,181,143,0.795,19,0.912,0,0
2026-06-03,FAC-021,144,181,142,0.785,17,0.853,0,0
2026-06-04,FAC-021,157,181,158,0.874,18,0.89,1,0
2026-06-05,FAC-021,137,181,117,0.65,20,0.978,0,0
2026-06-06,FAC-021,129,181,105,0.583,19,0.946,0,0
2026-06-07,FAC-021,133,181,134,0.745,20,0.996,1,0
2026-06-08,FAC-021,148,181,127,0.704,19,0.922,0,0
2026-06-09,FAC-021,149,181,140,0.775,19,0.934,0,0
2026-06-10,FAC-021,126,181,140,0.775,17,0.847,0,0
2026-06-11,FAC-021,134,181,132,0.731,19,0.926,1,0
2026-06-12,FAC-021,148,181,137,0.758,18,0.87,0,0
2026-06-13,FAC-021,113,181,109,0.606,20,0.965,0,0
2026-06-14,FAC-021,124,181,136,0.754,20,0.987,0,0
2026-06-15,FAC-021,139,181,136,0.753,21,1.0,0,0
2026-06-16,FAC-021,163,181,138,0.767,19,0.923,0,0
2026-06-17,FAC-021,146,181,157,0.873,17,0.855,0,0
2026-06-18,FAC-021,137,181,127,0.703,18,0.866,0,0
2026-06-19,FAC-021,156,181,138,0.767,18,0.863,0,0
2026-06-20,FAC-021,107,181,121,0.672,20,0.976,0,0
2026-06-21,FAC-021,121,181,116,0.645,19,0.927,3,0
2026-06-22,FAC-021,164,181,169,0.939,18,0.858,0,0
2026-06-23,FAC-021,128,181,111,0.618,18,0.904,5,0
2026-06-24,FAC-021,139,181,141,0.784,18,0.867,0,0
2026-06-25,FAC-021,134,181,116,0.646,20,0.994,0,0
2026-06-26,FAC-021,157,181,177,0.98,19,0.932,0,0
2026-06-27,FAC-021,121,181,140,0.774,18,0.898,0,0
2026-06-28,FAC-021,127,181,126,0.698,15,0.723,1,0
2026-06-29,FAC-021,166,181,173,0.956,19,0.92,0,0
2026-06-30,FAC-021,146,181,148,0.82,18,0.864,0,0
2026-07-01,FAC-021,155,181,136,0.752,19,0.911,0,0
2026-07-02,FAC-021,202,181,177,0.98,19,0.922,2,1
2026-07-03,FAC-021,136,181,122,0.674,19,0.914,1,0
2026-07-04,FAC-021,132,181,104,0.579,19,0.931,0,0
2026-07-05,FAC-021,120,181,117,0.648,17,0.82,0,0
2026-07-06,FAC-021,137,181,150,0.834,18,0.902,0,0
2026-07-07,FAC-021,143,181,141,0.781,19,0.929,0,0
2026-07-08,FAC-021,153,181,151,0.839,20,0.966,0,0
2026-07-09,FAC-021,159,181,164,0.912,18,0.903,0,0
2026-07-10,FAC-021,156,181,160,0.887,20,0.964,0,0
2026-07-11,FAC-021,135,181,120,0.664,17,0.835,0,0
2026-07-12,FAC-021,119,181,133,0.736,16,0.805,0,0
2026-07-13,FAC-021,153,181,158,0.874,20,0.97,0,0
2026-07-14,FAC-021,150,181,130,0.721,17,0.842,0,0
2026-07-15,FAC-021,134,181,126,0.697,18,0.889,0,0
2026-07-16,FAC-021,134,181,155,0.858,17,0.82,0,0
2026-07-17,FAC-021,164,181,177,0.98,20,0.954,0,0
2026-07-18,FAC-021,119,181,123,0.685,17,0.823,0,0
2026-07-19,FAC-021,135,181,133,0.74,18,0.875,0,0
2026-07-20,FAC-021,134,181,98,0.542,17,0.838,0,0
2026-07-21,FAC-021,162,181,156,0.863,18,0.89,0,0
2026-07-22,FAC-021,156,181,177,0.98,20,0.98,0,0
2026-07-23,FAC-021,137,181,108,0.602,21,1.0,0,0
2026-07-24,FAC-021,176,181,177,0.98,17,0.824,0,0
2026-07-25,FAC-021,136,181,134,0.743,18,0.893,0,0
2026-07-26,FAC-021,136,181,140,0.778,17,0.829,0,0
2026-07-27,FAC-021,145,181,154,0.854,19,0.931,0,0
2026-07-28,FAC-021,152,181,165,0.914,18,0.878,0,0
2026-07-29,FAC-021,151,181,102,0.564,18,0.873,0,0
2026-07-30,FAC-021,158,181,152,0.842,18,0.872,0,0
2026-07-31,FAC-021,137,181,151,0.837,19,0.933,0,0
2026-08-01,FAC-021,135,181,110,0.608,18,0.89,0,0
2026-08-02,FAC-021,124,181,119,0.663,18,0.863,0,0
2026-08-03,FAC-021,145,181,157,0.869,16,0.785,0,0
2026-08-04,FAC-021,171,181,177,0.98,18,0.897,0,0
2026-08-05,FAC-021,160,181,138,0.768,18,0.86,0,0
2026-08-06,FAC-021,148,181,167,0.927,18,0.897,5,0
2026-08-07,FAC-021,155,181,146,0.809,19,0.929,0,0
2026-08-08,FAC-021,144,181,158,0.875,18,0.895,0,0
2026-08-09,FAC-021,134,181,142,0.787,19,0.93,0,0
2026-08-10,FAC-021,163,181,177,0.98,18,0.892,0,0
2026-08-11,FAC-021,158,181,152,0.842,17,0.845,0,0
2026-08-12,FAC-021,147,181,145,0.806,16,0.8,0,0
2026-08-13,FAC-021,160,181,119,0.663,21,1.0,0,0
2026-08-14,FAC-021,168,181,164,0.907,18,0.901,2,0
2026-08-15,FAC-021,131,181,122,0.677,19,0.912,0,0
2026-08-16,FAC-021,126,181,124,0.689,19,0.911,0,0
2026-08-17,FAC-021,134,181,134,0.743,19,0.91,0,0
2026-08-18,FAC-021,152,181,148,0.823,20,0.968,4,0
2026-08-19,FAC-021,146,181,149,0.825,20,0.978,0,0
2026-08-20,FAC-021,149,181,152,0.84,18,0.894,0,0
2026-08-21,FAC-021,165,181,161,0.891,20,0.977,0,0
2026-08-22,FAC-021,127,181,114,0.633,19,0.941,0,0
2026-08-23,FAC-021,125,181,133,0.74,15,0.736,0,0
2026-08-24,FAC-021,151,181,144,0.797,17,0.836,0,0
2026-08-25,FAC-021,144,181,135,0.75,18,0.897,0,0
2026-08-26,FAC-021,134,181,138,0.766,20,0.982,0,0
2026-08-27,FAC-021,154,181,165,0.916,20,0.966,0,0
2026-08-28,FAC-021,166,181,177,0.98,18,0.87,0,0
2026-08-29,FAC-021,121,181,132,0.731,19,0.942,0,0
2026-08-30,FAC-021,136,181,163,0.903,18,0.901,0,0
2026-08-31,FAC-021,156,181,141,0.783,21,1.0,0,0
2026-09-01,FAC-021,147,181,142,0.787,18,0.879,0,0
2026-09-02,FAC-021,143,181,132,0.732,18,0.869,0,0
2026-09-03,FAC-021,135,181,123,0.683,21,1.0,0,0
2026-09-04,FAC-021,238,181,177,0.98,20,0.971,0,1
2026-09-05,FAC-021,148,181,122,0.676,17,0.826,0,0
2026-09-06,FAC-021,120,181,113,0.625,18,0.882,0,0
2026-09-07,FAC-021,146,181,149,0.824,18,0.902,0,0
2026-09-08,FAC-021,143,181,111,0.616,17,0.84,0,0
2026-09-09,FAC-021,145,181,141,0.781,17,0.832,0,0
2026-09-10,FAC-021,146,181,129,0.716,18,0.892,0,0
2026-09-11,FAC-021,139,181,126,0.7,17,0.821,0,0
2026-09-12,FAC-021,127,181,114,0.632,20,0.954,5,0
2026-09-13,FAC-021,133,181,131,0.729,17,0.852,0,0
2026-09-14,FAC-021,157,181,167,0.923,19,0.909,0,0
2026-09-15,FAC-021,172,181,177,0.98,20,0.955,0,0
2026-09-16,FAC-021,154,181,163,0.905,17,0.852,0,0
2026-09-17,FAC-021,147,181,152,0.84,19,0.921,1,0
2026-09-18,FAC-021,158,181,173,0.961,17,0.815,0,0
2026-09-19,FAC-021,119,181,122,0.676,17,0.857,0,0
2026-09-20,FAC-021,165,181,172,0.953,18,0.895,0,0
2026-09-21,FAC-021,146,181,139,0.768,18,0.902,0,0
2026-09-22,FAC-021,154,181,147,0.814,18,0.884,0,0
2026-09-23,FAC-021,169,181,177,0.98,19,0.915,0,0
2026-09-24,FAC-021,136,181,143,0.794,20,0.993,0,0
2026-09-25,FAC-021,169,181,177,0.98,20,0.985,0,0
2026-09-26,FAC-021,130,181,139,0.768,18,0.859,0,0
2026-09-27,FAC-021,133,181,152,0.841,18,0.865,0,0
2026-04-01,FAC-022,300,60,58,0.98,78,0.98,0,0
2026-04-02,FAC-022,277,60,58,0.98,68,0.856,0,0
2026-04-03,FAC-022,268,60,58,0.98,66,0.833,0,0
2026-04-04,FAC-022,249,60,58,0.98,76,0.961,0,0
2026-04-05,FAC-022,272,60,58,0.98,80,1.0,0,0
2026-04-06,FAC-022,293,60,58,0.98,65,0.823,0,0
2026-04-07,FAC-022,297,60,58,0.98,66,0.829,0,0
2026-04-08,FAC-022,287,60,58,0.98,69,0.869,0,0
2026-04-09,FAC-022,282,60,58,0.98,65,0.823,0,0
2026-04-10,FAC-022,274,60,58,0.98,76,0.951,0,0
2026-04-11,FAC-022,261,60,58,0.98,70,0.882,0,0
2026-04-12,FAC-022,276,60,58,0.98,72,0.903,0,0
2026-04-13,FAC-022,293,60,58,0.98,68,0.856,0,0
2026-04-14,FAC-022,297,60,58,0.98,71,0.894,0,0
2026-04-15,FAC-022,289,60,58,0.98,75,0.949,0,0
2026-04-16,FAC-022,291,60,58,0.98,75,0.943,0,0
2026-04-17,FAC-022,305,60,58,0.98,78,0.983,0,0
2026-04-18,FAC-022,244,60,58,0.98,68,0.858,0,0
2026-04-19,FAC-022,289,60,58,0.98,69,0.869,0,0
2026-04-20,FAC-022,418,60,58,0.98,71,0.895,0,1
2026-04-21,FAC-022,315,60,58,0.98,74,0.936,0,0
2026-04-22,FAC-022,306,60,58,0.98,73,0.915,0,0
2026-04-23,FAC-022,288,60,58,0.98,71,0.899,0,0
2026-04-24,FAC-022,270,60,58,0.98,71,0.898,0,0
2026-04-25,FAC-022,286,60,58,0.98,71,0.899,0,0
2026-04-26,FAC-022,226,60,58,0.98,63,0.799,0,0
2026-04-27,FAC-022,328,60,58,0.98,78,0.98,0,0
2026-04-28,FAC-022,237,60,58,0.98,71,0.896,0,0
2026-04-29,FAC-022,310,60,58,0.98,74,0.932,0,0
2026-04-30,FAC-022,293,60,58,0.98,66,0.828,0,0
2026-05-01,FAC-022,273,60,58,0.98,68,0.862,0,0
2026-05-02,FAC-022,223,60,58,0.98,61,0.77,0,0
2026-05-03,FAC-022,285,60,58,0.98,65,0.821,0,0
2026-05-04,FAC-022,328,60,58,0.98,69,0.87,1,0
2026-05-05,FAC-022,292,60,58,0.98,71,0.898,0,0
2026-05-06,FAC-022,240,60,58,0.98,74,0.926,0,0
2026-05-07,FAC-022,302,60,58,0.98,71,0.889,0,0
2026-05-08,FAC-022,531,60,58,0.98,73,0.923,0,1
2026-05-09,FAC-022,232,60,58,0.98,72,0.903,0,0
2026-05-10,FAC-022,435,60,58,0.98,76,0.956,0,1
2026-05-11,FAC-022,276,60,58,0.98,71,0.894,0,0
2026-05-12,FAC-022,267,60,58,0.98,69,0.865,0,0
2026-05-13,FAC-022,339,60,58,0.98,73,0.921,0,0
2026-05-14,FAC-022,274,60,58,0.98,70,0.875,0,0
2026-05-15,FAC-022,285,60,58,0.98,70,0.879,0,0
2026-05-16,FAC-022,254,60,58,0.98,68,0.854,0,0
2026-05-17,FAC-022,267,60,58,0.98,73,0.915,0,0
2026-05-18,FAC-022,361,60,58,0.98,79,0.992,0,0
2026-05-19,FAC-022,316,60,58,0.98,73,0.92,0,0
2026-05-20,FAC-022,351,60,58,0.98,74,0.93,0,0
2026-05-21,FAC-022,337,60,58,0.98,76,0.96,0,0
2026-05-22,FAC-022,305,60,58,0.98,65,0.813,0,0
2026-05-23,FAC-022,258,60,58,0.98,62,0.775,0,0
2026-05-24,FAC-022,264,60,58,0.98,65,0.823,0,0
2026-05-25,FAC-022,290,60,58,0.98,76,0.951,0,0
2026-05-26,FAC-022,345,60,58,0.98,68,0.851,0,0
2026-05-27,FAC-022,346,60,58,0.98,74,0.93,0,0
2026-05-28,FAC-022,360,60,58,0.98,75,0.947,3,0
2026-05-29,FAC-022,338,60,58,0.98,75,0.947,0,0
2026-05-30,FAC-022,253,60,58,0.98,73,0.925,0,0
2026-05-31,FAC-022,230,60,58,0.98,61,0.77,0,0
2026-06-01,FAC-022,324,60,58,0.98,80,1.0,0,0
2026-06-02,FAC-022,319,60,58,0.98,66,0.837,0,0
2026-06-03,FAC-022,324,60,58,0.98,77,0.965,0,0
2026-06-04,FAC-022,279,60,58,0.98,66,0.831,0,0
2026-06-05,FAC-022,310,60,58,0.98,75,0.943,0,0
2026-06-06,FAC-022,260,60,58,0.98,69,0.868,0,0
2026-06-07,FAC-022,271,60,58,0.98,78,0.986,0,0
2026-06-08,FAC-022,309,60,58,0.98,72,0.912,0,0
2026-06-09,FAC-022,301,60,58,0.98,67,0.839,0,0
2026-06-10,FAC-022,335,60,58,0.98,74,0.931,0,0
2026-06-11,FAC-022,295,60,58,0.98,74,0.933,0,0
2026-06-12,FAC-022,290,60,58,0.98,66,0.825,0,0
2026-06-13,FAC-022,252,60,58,0.98,70,0.883,0,0
2026-06-14,FAC-022,279,60,58,0.98,80,1.0,0,0
2026-06-15,FAC-022,319,60,58,0.98,70,0.887,0,0
2026-06-16,FAC-022,305,60,58,0.98,72,0.904,0,0
2026-06-17,FAC-022,293,60,58,0.98,62,0.785,3,0
2026-06-18,FAC-022,337,60,58,0.98,70,0.884,0,0
2026-06-19,FAC-022,291,60,58,0.98,71,0.889,0,0
2026-06-20,FAC-022,268,60,58,0.98,75,0.946,0,0
2026-06-21,FAC-022,264,60,58,0.98,80,1.0,0,0
2026-06-22,FAC-022,329,60,58,0.98,78,0.977,0,0
2026-06-23,FAC-022,319,60,58,0.98,71,0.889,0,0
2026-06-24,FAC-022,273,60,58,0.98,67,0.843,0,0
2026-06-25,FAC-022,313,60,58,0.98,65,0.815,0,0
2026-06-26,FAC-022,251,60,58,0.98,72,0.906,0,0
2026-06-27,FAC-022,296,60,58,0.98,75,0.944,0,0
2026-06-28,FAC-022,265,60,58,0.98,75,0.943,0,0
2026-06-29,FAC-022,306,60,58,0.98,61,0.774,0,0
2026-06-30,FAC-022,308,60,58,0.98,78,0.976,0,0
2026-07-01,FAC-022,312,60,58,0.98,76,0.954,0,0
2026-07-02,FAC-022,310,60,58,0.98,65,0.813,0,0
2026-07-03,FAC-022,363,60,58,0.98,76,0.951,0,0
2026-07-04,FAC-022,246,60,58,0.98,71,0.895,0,0
2026-07-05,FAC-022,281,60,58,0.98,65,0.814,0,0
2026-07-06,FAC-022,284,60,58,0.98,69,0.87,1,0
2026-07-07,FAC-022,332,60,58,0.98,66,0.825,0,0
2026-07-08,FAC-022,268,60,58,0.98,74,0.931,0,0
2026-07-09,FAC-022,336,60,58,0.98,53,0.675,0,0
2026-07-10,FAC-022,324,60,58,0.98,63,0.788,0,0
2026-07-11,FAC-022,223,60,58,0.98,73,0.917,0,0
2026-07-12,FAC-022,250,60,58,0.98,72,0.901,4,0
2026-07-13,FAC-022,285,60,58,0.98,78,0.987,0,0
2026-07-14,FAC-022,307,60,58,0.98,78,0.983,0,0
2026-07-15,FAC-022,315,60,58,0.98,69,0.863,0,0
2026-07-16,FAC-022,264,60,58,0.98,68,0.86,0,0
2026-07-17,FAC-022,326,60,58,0.98,68,0.859,0,0
2026-07-18,FAC-022,239,60,58,0.98,78,0.981,0,0
2026-07-19,FAC-022,274,60,58,0.98,77,0.973,0,0
2026-07-20,FAC-022,314,60,58,0.98,77,0.969,0,0
2026-07-21,FAC-022,305,60,58,0.98,76,0.951,0,0
2026-07-22,FAC-022,310,60,58,0.98,72,0.901,0,0
2026-07-23,FAC-022,342,60,58,0.98,80,1.0,3,0
2026-07-24,FAC-022,301,60,58,0.98,67,0.84,0,0
2026-07-25,FAC-022,271,60,58,0.98,76,0.954,0,0
2026-07-26,FAC-022,269,60,58,0.98,67,0.84,0,0
2026-07-27,FAC-022,308,60,58,0.98,70,0.879,0,0
2026-07-28,FAC-022,269,60,58,0.98,76,0.951,0,0
2026-07-29,FAC-022,333,60,58,0.98,72,0.904,0,0
2026-07-30,FAC-022,319,60,58,0.98,73,0.921,0,0
2026-07-31,FAC-022,420,60,58,0.98,67,0.839,0,1
2026-08-01,FAC-022,264,60,58,0.98,73,0.914,0,0
2026-08-02,FAC-022,279,60,58,0.98,71,0.896,3,0
2026-08-03,FAC-022,317,60,58,0.98,66,0.836,0,0
2026-08-04,FAC-022,309,60,58,0.98,67,0.846,0,0
2026-08-05,FAC-022,310,60,58,0.98,69,0.869,0,0
2026-08-06,FAC-022,316,60,58,0.98,71,0.889,0,0
2026-08-07,FAC-022,358,60,58,0.98,64,0.806,0,0
2026-08-08,FAC-022,301,60,58,0.98,70,0.878,0,0
2026-08-09,FAC-022,297,60,58,0.98,80,1.0,0,0
2026-08-10,FAC-022,318,60,58,0.98,80,1.0,0,0
2026-08-11,FAC-022,321,60,58,0.98,66,0.836,0,0
2026-08-12,FAC-022,313,60,58,0.98,71,0.889,0,0
2026-08-13,FAC-022,390,60,58,0.98,69,0.867,0,0
2026-08-14,FAC-022,311,60,58,0.98,77,0.963,0,0
2026-08-15,FAC-022,267,60,58,0.98,70,0.881,0,0
2026-08-16,FAC-022,264,60,58,0.98,70,0.877,0,0
2026-08-17,FAC-022,273,60,58,0.98,74,0.937,3,0
2026-08-18,FAC-022,273,60,58,0.98,69,0.87,0,0
2026-08-19,FAC-022,341,60,58,0.98,74,0.936,0,0
2026-08-20,FAC-022,326,60,58,0.98,77,0.967,0,0
2026-08-21,FAC-022,319,60,58,0.98,74,0.927,0,0
2026-08-22,FAC-022,277,60,58,0.98,67,0.849,2,0
2026-08-23,FAC-022,262,60,58,0.98,67,0.845,0,0
2026-08-24,FAC-022,273,60,58,0.98,71,0.898,0,0
2026-08-25,FAC-022,360,60,58,0.98,75,0.939,0,0
2026-08-26,FAC-022,293,60,58,0.98,76,0.953,0,0
2026-08-27,FAC-022,352,60,58,0.98,78,0.985,0,0
2026-08-28,FAC-022,312,60,58,0.98,77,0.969,0,0
2026-08-29,FAC-022,238,60,58,0.98,78,0.986,0,0
2026-08-30,FAC-022,351,60,58,0.98,74,0.93,0,1
2026-08-31,FAC-022,322,60,58,0.98,71,0.9,0,0
2026-09-01,FAC-022,276,60,58,0.98,79,0.996,0,0
2026-09-02,FAC-022,301,60,58,0.98,72,0.91,0,0
2026-09-03,FAC-022,392,60,58,0.98,71,0.894,0,0
2026-09-04,FAC-022,320,60,58,0.98,67,0.845,0,0
2026-09-05,FAC-022,285,60,58,0.98,76,0.955,0,0
2026-09-06,FAC-022,265,60,58,0.98,70,0.878,0,0
2026-09-07,FAC-022,338,60,58,0.98,80,1.0,0,0
2026-09-08,FAC-022,356,60,58,0.98,72,0.911,0,0
2026-09-09,FAC-022,339,60,58,0.98,77,0.973,0,0
2026-09-10,FAC-022,348,60,58,0.98,76,0.959,0,0
2026-09-11,FAC-022,258,60,58,0.98,76,0.953,0,0
2026-09-12,FAC-022,248,60,58,0.98,62,0.778,0,0
2026-09-13,FAC-022,256,60,58,0.98,71,0.899,0,0
2026-09-14,FAC-022,319,60,58,0.98,71,0.896,0,0
2026-09-15,FAC-022,346,60,58,0.98,74,0.925,0,0
2026-09-16,FAC-022,291,60,58,0.98,70,0.881,0,0
2026-09-17,FAC-022,320,60,58,0.98,70,0.886,4,0
2026-09-18,FAC-022,295,60,58,0.98,74,0.933,0,0
2026-09-19,FAC-022,244,60,58,0.98,72,0.902,0,0
2026-09-20,FAC-022,260,60,58,0.98,79,0.997,0,0
2026-09-21,FAC-022,295,60,58,0.98,69,0.864,1,0
2026-09-22,FAC-022,313,60,58,0.98,73,0.916,0,0
2026-09-23,FAC-022,295,60,58,0.98,68,0.86,0,0
2026-09-24,FAC-022,305,60,58,0.98,79,0.993,3,0
2026-09-25,FAC-022,279,60,58,0.98,71,0.895,0,0
2026-09-26,FAC-022,316,60,58,0.98,71,0.898,0,0
2026-09-27,FAC-022,264,60,58,0.98,72,0.911,0,0
2026-04-01,FAC-023,361,96,94,0.98,67,0.789,0,0
2026-04-02,FAC-023,422,96,94,0.98,72,0.854,0,0
2026-04-03,FAC-023,314,96,94,0.98,75,0.891,0,0
2026-04-04,FAC-023,328,96,94,0.98,73,0.868,0,0
2026-04-05,FAC-023,287,96,94,0.98,66,0.78,2,0
2026-04-06,FAC-023,341,96,94,0.98,70,0.826,0,0
2026-04-07,FAC-023,394,96,94,0.98,81,0.957,0,0
2026-04-08,FAC-023,365,96,94,0.98,78,0.919,0,0
2026-04-09,FAC-023,403,96,94,0.98,68,0.8,0,0
2026-04-10,FAC-023,339,96,94,0.98,80,0.944,0,0
2026-04-11,FAC-023,293,96,94,0.98,85,1.0,0,0
2026-04-12,FAC-023,338,96,94,0.98,72,0.857,0,0
2026-04-13,FAC-023,284,96,94,0.98,69,0.814,0,0
2026-04-14,FAC-023,309,96,94,0.98,71,0.846,0,0
2026-04-15,FAC-023,342,96,94,0.98,84,0.999,0,0
2026-04-16,FAC-023,361,96,94,0.98,74,0.881,0,0
2026-04-17,FAC-023,320,96,94,0.98,76,0.9,0,0
2026-04-18,FAC-023,314,96,94,0.98,79,0.933,0,0
2026-04-19,FAC-023,334,96,94,0.98,85,1.0,0,0
2026-04-20,FAC-023,423,96,94,0.98,72,0.852,0,0
2026-04-21,FAC-023,314,96,94,0.98,78,0.927,5,0
2026-04-22,FAC-023,350,96,94,0.98,69,0.817,0,0
2026-04-23,FAC-023,396,96,94,0.98,77,0.917,0,0
2026-04-24,FAC-023,373,96,94,0.98,80,0.95,0,0
2026-04-25,FAC-023,293,96,94,0.98,69,0.815,0,0
2026-04-26,FAC-023,300,96,94,0.98,70,0.835,0,0
2026-04-27,FAC-023,338,96,94,0.98,75,0.89,0,0
2026-04-28,FAC-023,378,96,94,0.98,79,0.938,0,0
2026-04-29,FAC-023,351,96,94,0.98,71,0.846,0,0
2026-04-30,FAC-023,350,96,94,0.98,73,0.869,0,0
2026-05-01,FAC-023,334,96,94,0.98,76,0.898,0,0
2026-05-02,FAC-023,325,96,94,0.98,83,0.98,0,0
2026-05-03,FAC-023,380,96,94,0.98,83,0.983,0,0
2026-05-04,FAC-023,357,96,94,0.98,78,0.929,0,0
2026-05-05,FAC-023,348,96,94,0.98,71,0.84,0,0
2026-05-06,FAC-023,357,96,94,0.98,67,0.794,0,0
2026-05-07,FAC-023,398,96,94,0.98,76,0.903,0,0
2026-05-08,FAC-023,374,96,94,0.98,75,0.889,0,0
2026-05-09,FAC-023,288,96,94,0.98,85,1.0,0,0
2026-05-10,FAC-023,314,96,94,0.98,74,0.872,0,0
2026-05-11,FAC-023,374,96,94,0.98,74,0.876,0,0
2026-05-12,FAC-023,409,96,94,0.98,75,0.893,0,0
2026-05-13,FAC-023,367,96,94,0.98,79,0.934,0,0
2026-05-14,FAC-023,409,96,94,0.98,71,0.84,0,0
2026-05-15,FAC-023,354,96,94,0.98,68,0.808,0,0
2026-05-16,FAC-023,351,96,94,0.98,64,0.763,0,0
2026-05-17,FAC-023,321,96,94,0.98,73,0.87,0,0
2026-05-18,FAC-023,297,96,94,0.98,76,0.905,0,0
2026-05-19,FAC-023,336,96,94,0.98,80,0.947,0,0
2026-05-20,FAC-023,340,96,94,0.98,74,0.872,0,0
2026-05-21,FAC-023,403,96,94,0.98,77,0.91,0,0
2026-05-22,FAC-023,336,96,94,0.98,66,0.784,0,0
2026-05-23,FAC-023,285,96,94,0.98,69,0.818,0,0
2026-05-24,FAC-023,321,96,94,0.98,78,0.918,0,0
2026-05-25,FAC-023,402,96,94,0.98,76,0.895,0,0
2026-05-26,FAC-023,362,96,94,0.98,63,0.747,0,0
2026-05-27,FAC-023,339,96,94,0.98,78,0.919,0,0
2026-05-28,FAC-023,366,96,94,0.98,79,0.936,0,0
2026-05-29,FAC-023,346,96,94,0.98,70,0.832,0,0
2026-05-30,FAC-023,585,96,94,0.98,80,0.952,0,1
2026-05-31,FAC-023,346,96,94,0.98,76,0.897,0,0
2026-06-01,FAC-023,364,96,94,0.98,70,0.827,0,0
2026-06-02,FAC-023,369,96,94,0.98,76,0.897,0,0
2026-06-03,FAC-023,372,96,94,0.98,85,1.0,2,0
2026-06-04,FAC-023,381,96,94,0.98,78,0.924,0,0
2026-06-05,FAC-023,349,96,94,0.98,78,0.924,0,0
2026-06-06,FAC-023,332,96,94,0.98,85,1.0,0,0
2026-06-07,FAC-023,348,96,94,0.98,75,0.885,0,0
2026-06-08,FAC-023,382,96,94,0.98,73,0.867,0,0
2026-06-09,FAC-023,397,96,94,0.98,80,0.942,0,0
2026-06-10,FAC-023,360,96,94,0.98,83,0.988,0,0
2026-06-11,FAC-023,371,96,94,0.98,73,0.869,0,0
2026-06-12,FAC-023,340,96,94,0.98,80,0.945,0,0
2026-06-13,FAC-023,316,96,94,0.98,71,0.839,0,0
2026-06-14,FAC-023,330,96,94,0.98,79,0.939,0,0
2026-06-15,FAC-023,425,96,94,0.98,69,0.817,0,0
2026-06-16,FAC-023,316,96,94,0.98,77,0.91,0,0
2026-06-17,FAC-023,342,96,94,0.98,72,0.854,0,0
2026-06-18,FAC-023,416,96,94,0.98,68,0.81,0,0
2026-06-19,FAC-023,374,96,94,0.98,71,0.838,0,0
2026-06-20,FAC-023,335,96,94,0.98,74,0.879,0,0
2026-06-21,FAC-023,281,96,94,0.98,78,0.918,0,0
2026-06-22,FAC-023,312,96,94,0.98,74,0.878,0,0
2026-06-23,FAC-023,378,96,94,0.98,72,0.855,0,0
2026-06-24,FAC-023,374,96,94,0.98,74,0.879,4,0
2026-06-25,FAC-023,351,96,94,0.98,82,0.974,0,0
2026-06-26,FAC-023,351,96,94,0.98,70,0.834,4,0
2026-06-27,FAC-023,331,96,94,0.98,73,0.865,0,0
2026-06-28,FAC-023,556,96,94,0.98,68,0.804,0,1
2026-06-29,FAC-023,339,96,94,0.98,76,0.903,0,0
2026-06-30,FAC-023,376,96,94,0.98,80,0.942,0,0
2026-07-01,FAC-023,430,96,94,0.98,79,0.932,0,0
2026-07-02,FAC-023,377,96,94,0.98,76,0.9,0,0
2026-07-03,FAC-023,385,96,94,0.98,77,0.916,0,0
2026-07-04,FAC-023,316,96,94,0.98,73,0.865,0,0
2026-07-05,FAC-023,305,96,94,0.98,78,0.929,0,0
2026-07-06,FAC-023,361,96,94,0.98,83,0.979,0,0
2026-07-07,FAC-023,331,96,94,0.98,77,0.907,0,0
2026-07-08,FAC-023,391,96,94,0.98,77,0.908,0,0
2026-07-09,FAC-023,376,96,94,0.98,68,0.805,0,0
2026-07-10,FAC-023,376,96,94,0.98,75,0.887,0,0
2026-07-11,FAC-023,303,96,94,0.98,66,0.78,0,0
2026-07-12,FAC-023,325,96,94,0.98,71,0.843,0,0
2026-07-13,FAC-023,422,96,94,0.98,83,0.983,0,0
2026-07-14,FAC-023,338,96,94,0.98,81,0.955,0,0
2026-07-15,FAC-023,335,96,94,0.98,75,0.889,0,0
2026-07-16,FAC-023,409,96,94,0.98,83,0.985,0,0
2026-07-17,FAC-023,341,96,94,0.98,68,0.809,0,0
2026-07-18,FAC-023,335,96,94,0.98,75,0.883,0,0
2026-07-19,FAC-023,304,96,94,0.98,76,0.906,0,0
2026-07-20,FAC-023,390,96,94,0.98,80,0.952,0,0
2026-07-21,FAC-023,364,96,94,0.98,80,0.953,0,0
2026-07-22,FAC-023,362,96,94,0.98,68,0.811,0,0
2026-07-23,FAC-023,497,96,94,0.98,75,0.887,0,1
2026-07-24,FAC-023,367,96,94,0.98,80,0.949,0,0
2026-07-25,FAC-023,327,96,94,0.98,84,0.998,0,0
2026-07-26,FAC-023,379,96,94,0.98,79,0.932,0,0
2026-07-27,FAC-023,378,96,94,0.98,80,0.949,0,0
2026-07-28,FAC-023,362,96,94,0.98,83,0.983,0,0
2026-07-29,FAC-023,366,96,94,0.98,79,0.941,0,0
2026-07-30,FAC-023,378,96,94,0.98,81,0.962,0,0
2026-07-31,FAC-023,356,96,94,0.98,79,0.935,0,0
2026-08-01,FAC-023,324,96,94,0.98,71,0.842,0,0
2026-08-02,FAC-023,332,96,94,0.98,81,0.954,0,0
2026-08-03,FAC-023,444,96,94,0.98,73,0.861,0,0
2026-08-04,FAC-023,383,96,94,0.98,76,0.9,0,0
2026-08-05,FAC-023,378,96,94,0.98,81,0.958,0,0
2026-08-06,FAC-023,395,96,94,0.98,78,0.922,0,0
2026-08-07,FAC-023,360,96,94,0.98,76,0.901,0,0
2026-08-08,FAC-023,325,96,94,0.98,73,0.863,0,0
2026-08-09,FAC-023,300,96,94,0.98,79,0.936,0,0
2026-08-10,FAC-023,331,96,94,0.98,85,1.0,0,0
2026-08-11,FAC-023,379,96,94,0.98,85,1.0,0,0
2026-08-12,FAC-023,395,96,94,0.98,71,0.845,0,0
2026-08-13,FAC-023,395,96,94,0.98,81,0.955,0,0
2026-08-14,FAC-023,425,96,94,0.98,78,0.923,0,0
2026-08-15,FAC-023,278,96,94,0.98,82,0.966,0,0
2026-08-16,FAC-023,262,96,94,0.98,75,0.89,0,0
2026-08-17,FAC-023,424,96,94,0.98,85,1.0,0,0
2026-08-18,FAC-023,380,96,94,0.98,68,0.81,1,0
2026-08-19,FAC-023,513,96,94,0.98,69,0.816,0,1
2026-08-20,FAC-023,384,96,94,0.98,79,0.936,0,0
2026-08-21,FAC-023,354,96,94,0.98,80,0.952,0,0
2026-08-22,FAC-023,323,96,94,0.98,71,0.841,0,0
2026-08-23,FAC-023,319,96,94,0.98,85,1.0,0,0
2026-08-24,FAC-023,425,96,94,0.98,82,0.973,0,0
2026-08-25,FAC-023,367,96,94,0.98,74,0.875,0,0
2026-08-26,FAC-023,402,96,94,0.98,65,0.766,0,0
2026-08-27,FAC-023,411,96,94,0.98,74,0.875,0,0
2026-08-28,FAC-023,442,96,94,0.98,81,0.965,0,0
2026-08-29,FAC-023,339,96,94,0.98,80,0.944,0,0
2026-08-30,FAC-023,328,96,94,0.98,68,0.801,0,0
2026-08-31,FAC-023,400,96,94,0.98,71,0.835,0,0
2026-09-01,FAC-023,358,96,94,0.98,69,0.821,0,0
2026-09-02,FAC-023,462,96,94,0.98,73,0.87,0,0
2026-09-03,FAC-023,364,96,94,0.98,85,1.0,0,0
2026-09-04,FAC-023,367,96,94,0.98,69,0.822,0,0
2026-09-05,FAC-023,356,96,94,0.98,83,0.987,0,0
2026-09-06,FAC-023,334,96,94,0.98,76,0.9,0,0
2026-09-07,FAC-023,380,96,94,0.98,77,0.912,0,0
2026-09-08,FAC-023,387,96,94,0.98,80,0.943,0,0
2026-09-09,FAC-023,388,96,94,0.98,83,0.979,0,0
2026-09-10,FAC-023,373,96,94,0.98,71,0.838,0,0
2026-09-11,FAC-023,405,96,94,0.98,78,0.928,0,0
2026-09-12,FAC-023,305,96,94,0.98,77,0.906,0,0
2026-09-13,FAC-023,359,96,94,0.98,79,0.941,0,0
2026-09-14,FAC-023,404,96,94,0.98,75,0.893,0,0
2026-09-15,FAC-023,373,96,94,0.98,70,0.834,0,0
2026-09-16,FAC-023,375,96,94,0.98,83,0.982,0,0
2026-09-17,FAC-023,451,96,94,0.98,78,0.926,0,0
2026-09-18,FAC-023,396,96,94,0.98,81,0.962,2,0
2026-09-19,FAC-023,364,96,94,0.98,78,0.92,0,0
2026-09-20,FAC-023,326,96,94,0.98,76,0.895,0,0
2026-09-21,FAC-023,390,96,94,0.98,69,0.823,0,0
2026-09-22,FAC-023,399,96,94,0.98,73,0.864,0,0
2026-09-23,FAC-023,456,96,94,0.98,79,0.94,0,0
2026-09-24,FAC-023,418,96,94,0.98,82,0.975,0,0
2026-09-25,FAC-023,425,96,94,0.98,81,0.956,0,0
2026-09-26,FAC-023,366,96,94,0.98,72,0.85,0,0
2026-09-27,FAC-023,331,96,94,0.98,77,0.915,0,0
2026-04-01,FAC-024,285,42,41,0.98,20,0.918,0,0
2026-04-02,FAC-024,265,42,41,0.98,17,0.814,0,0
2026-04-03,FAC-024,261,42,41,0.98,18,0.852,0,0
2026-04-04,FAC-024,215,42,41,0.98,19,0.893,2,0
2026-04-05,FAC-024,234,42,41,0.98,20,0.933,0,0
2026-04-06,FAC-024,268,42,41,0.98,19,0.87,0,0
2026-04-07,FAC-024,300,42,41,0.98,17,0.792,0,0
2026-04-08,FAC-024,279,42,41,0.98,22,1.0,0,0
2026-04-09,FAC-024,259,42,41,0.98,20,0.915,0,0
2026-04-10,FAC-024,274,42,41,0.98,20,0.925,0,0
2026-04-11,FAC-024,268,42,41,0.98,21,0.989,0,0
2026-04-12,FAC-024,219,42,41,0.98,20,0.909,0,0
2026-04-13,FAC-024,289,42,41,0.98,19,0.887,0,0
2026-04-14,FAC-024,272,42,41,0.98,17,0.793,0,0
2026-04-15,FAC-024,276,42,41,0.98,18,0.845,0,0
2026-04-16,FAC-024,305,42,41,0.98,19,0.892,3,0
2026-04-17,FAC-024,288,42,41,0.98,19,0.899,0,0
2026-04-18,FAC-024,257,42,41,0.98,19,0.907,0,0
2026-04-19,FAC-024,218,42,41,0.98,19,0.906,0,0
2026-04-20,FAC-024,270,42,41,0.98,20,0.945,0,0
2026-04-21,FAC-024,278,42,41,0.98,20,0.931,0,0
2026-04-22,FAC-024,259,42,41,0.98,18,0.841,0,0
2026-04-23,FAC-024,279,42,41,0.98,19,0.9,0,0
2026-04-24,FAC-024,272,42,41,0.98,20,0.933,0,0
2026-04-25,FAC-024,225,42,41,0.98,19,0.879,0,0
2026-04-26,FAC-024,256,42,41,0.98,19,0.896,0,0
2026-04-27,FAC-024,294,42,41,0.98,20,0.953,0,0
2026-04-28,FAC-024,281,42,41,0.98,19,0.869,0,0
2026-04-29,FAC-024,261,42,41,0.98,18,0.854,0,0
2026-04-30,FAC-024,298,42,41,0.98,21,0.98,0,0
2026-05-01,FAC-024,300,42,41,0.98,19,0.9,0,0
2026-05-02,FAC-024,230,42,41,0.98,21,0.965,0,0
2026-05-03,FAC-024,227,42,41,0.98,20,0.942,0,0
2026-05-04,FAC-024,402,42,41,0.98,18,0.856,0,1
2026-05-05,FAC-024,264,42,41,0.98,19,0.881,0,0
2026-05-06,FAC-024,278,42,41,0.98,18,0.855,2,0
2026-05-07,FAC-024,279,42,41,0.98,19,0.881,0,0
2026-05-08,FAC-024,310,42,41,0.98,17,0.805,0,0
2026-05-09,FAC-024,252,42,41,0.98,19,0.874,0,0
2026-05-10,FAC-024,287,42,41,0.98,19,0.9,0,1
2026-05-11,FAC-024,259,42,41,0.98,19,0.895,1,0
2026-05-12,FAC-024,279,42,41,0.98,19,0.895,0,0
2026-05-13,FAC-024,260,42,41,0.98,20,0.932,0,0
2026-05-14,FAC-024,277,42,41,0.98,19,0.872,0,0
2026-05-15,FAC-024,442,42,41,0.98,20,0.919,0,1
2026-05-16,FAC-024,210,42,41,0.98,18,0.833,0,0
2026-05-17,FAC-024,273,42,41,0.98,18,0.825,0,0
2026-05-18,FAC-024,259,42,41,0.98,19,0.877,0,0
2026-05-19,FAC-024,283,42,41,0.98,18,0.858,0,0
2026-05-20,FAC-024,287,42,41,0.98,20,0.916,0,0
2026-05-21,FAC-024,249,42,41,0.98,18,0.83,0,0
2026-05-22,FAC-024,318,42,41,0.98,22,1.0,1,0
2026-05-23,FAC-024,272,42,41,0.98,19,0.901,0,0
2026-05-24,FAC-024,258,42,41,0.98,20,0.927,0,0
2026-05-25,FAC-024,315,42,41,0.98,19,0.878,0,0
2026-05-26,FAC-024,420,42,41,0.98,20,0.922,0,1
2026-05-27,FAC-024,293,42,41,0.98,17,0.777,0,0
2026-05-28,FAC-024,294,42,41,0.98,22,1.0,0,0
2026-05-29,FAC-024,252,42,41,0.98,19,0.905,0,0
2026-05-30,FAC-024,253,42,41,0.98,20,0.934,0,0
2026-05-31,FAC-024,252,42,41,0.98,19,0.871,0,0
2026-06-01,FAC-024,286,42,41,0.98,19,0.897,0,0
2026-06-02,FAC-024,233,42,41,0.98,19,0.893,0,0
2026-06-03,FAC-024,280,42,41,0.98,17,0.814,0,0
2026-06-04,FAC-024,332,42,41,0.98,19,0.891,0,0
2026-06-05,FAC-024,265,42,41,0.98,21,0.983,0,0
2026-06-06,FAC-024,265,42,41,0.98,20,0.933,0,0
2026-06-07,FAC-024,238,42,41,0.98,19,0.888,0,0
2026-06-08,FAC-024,283,42,41,0.98,20,0.919,0,0
2026-06-09,FAC-024,325,42,41,0.98,19,0.873,0,0
2026-06-10,FAC-024,247,42,41,0.98,21,0.982,0,0
2026-06-11,FAC-024,257,42,41,0.98,20,0.923,0,0
2026-06-12,FAC-024,292,42,41,0.98,21,0.981,1,0
2026-06-13,FAC-024,258,42,41,0.98,20,0.937,0,0
2026-06-14,FAC-024,237,42,41,0.98,18,0.846,0,0
2026-06-15,FAC-024,281,42,41,0.98,18,0.862,0,0
2026-06-16,FAC-024,292,42,41,0.98,20,0.93,0,0
2026-06-17,FAC-024,251,42,41,0.98,19,0.908,0,0
2026-06-18,FAC-024,282,42,41,0.98,17,0.805,0,0
2026-06-19,FAC-024,298,42,41,0.98,20,0.93,0,0
2026-06-20,FAC-024,266,42,41,0.98,20,0.929,0,0
2026-06-21,FAC-024,249,42,41,0.98,17,0.805,0,0
2026-06-22,FAC-024,269,42,41,0.98,16,0.752,0,0
2026-06-23,FAC-024,287,42,41,0.98,19,0.894,0,0
2026-06-24,FAC-024,281,42,41,0.98,19,0.879,0,0
2026-06-25,FAC-024,291,42,41,0.98,21,0.967,0,0
2026-06-26,FAC-024,323,42,41,0.98,17,0.817,0,0
2026-06-27,FAC-024,236,42,41,0.98,20,0.93,0,0
2026-06-28,FAC-024,227,42,41,0.98,20,0.931,0,0
2026-06-29,FAC-024,312,42,41,0.98,18,0.82,0,0
2026-06-30,FAC-024,367,42,41,0.98,19,0.884,0,0
2026-07-01,FAC-024,311,42,41,0.98,20,0.952,0,0
2026-07-02,FAC-024,295,42,41,0.98,19,0.893,0,0
2026-07-03,FAC-024,257,42,41,0.98,18,0.844,0,0
2026-07-04,FAC-024,220,42,41,0.98,18,0.842,0,0
2026-07-05,FAC-024,247,42,41,0.98,21,0.96,0,0
2026-07-06,FAC-024,310,42,41,0.98,19,0.903,0,0
2026-07-07,FAC-024,301,42,41,0.98,20,0.934,0,0
2026-07-08,FAC-024,258,42,41,0.98,19,0.876,0,0
2026-07-09,FAC-024,287,42,41,0.98,18,0.862,0,0
2026-07-10,FAC-024,345,42,41,0.98,17,0.807,0,0
2026-07-11,FAC-024,278,42,41,0.98,19,0.883,0,0
2026-07-12,FAC-024,254,42,41,0.98,22,1.0,0,0
2026-07-13,FAC-024,274,42,41,0.98,19,0.874,0,0
2026-07-14,FAC-024,259,42,41,0.98,18,0.829,0,0
2026-07-15,FAC-024,298,42,41,0.98,19,0.876,0,0
2026-07-16,FAC-024,303,42,41,0.98,20,0.935,0,0
2026-07-17,FAC-024,287,42,41,0.98,21,0.982,0,0
2026-07-18,FAC-024,237,42,41,0.98,20,0.911,0,0
2026-07-19,FAC-024,261,42,41,0.98,20,0.911,4,0
2026-07-20,FAC-024,287,42,41,0.98,21,0.978,0,0
2026-07-21,FAC-024,308,42,41,0.98,20,0.943,0,0
2026-07-22,FAC-024,290,42,41,0.98,18,0.835,0,0
2026-07-23,FAC-024,323,42,41,0.98,19,0.895,0,0
2026-07-24,FAC-024,321,42,41,0.98,20,0.924,0,0
2026-07-25,FAC-024,236,42,41,0.98,21,0.957,0,0
2026-07-26,FAC-024,254,42,41,0.98,18,0.841,2,0
2026-07-27,FAC-024,317,42,41,0.98,22,1.0,4,0
2026-07-28,FAC-024,334,42,41,0.98,22,1.0,0,0
2026-07-29,FAC-024,295,42,41,0.98,18,0.862,0,0
2026-07-30,FAC-024,241,42,41,0.98,21,0.996,0,0
2026-07-31,FAC-024,271,42,41,0.98,19,0.906,0,0
2026-08-01,FAC-024,231,42,41,0.98,19,0.887,0,0
2026-08-02,FAC-024,244,42,41,0.98,20,0.913,0,0
2026-08-03,FAC-024,329,42,41,0.98,20,0.91,0,0
2026-08-04,FAC-024,312,42,41,0.98,18,0.863,0,0
2026-08-05,FAC-024,297,42,41,0.98,18,0.832,0,0
2026-08-06,FAC-024,325,42,41,0.98,18,0.857,0,0
2026-08-07,FAC-024,300,42,41,0.98,19,0.867,0,0
2026-08-08,FAC-024,261,42,41,0.98,17,0.812,0,0
2026-08-09,FAC-024,260,42,41,0.98,21,0.956,0,0
2026-08-10,FAC-024,280,42,41,0.98,21,0.982,0,0
2026-08-11,FAC-024,308,42,41,0.98,18,0.839,0,0
2026-08-12,FAC-024,282,42,41,0.98,20,0.921,0,0
2026-08-13,FAC-024,276,42,41,0.98,20,0.917,3,0
2026-08-14,FAC-024,292,42,41,0.98,19,0.902,0,0
2026-08-15,FAC-024,289,42,41,0.98,17,0.806,3,0
2026-08-16,FAC-024,229,42,41,0.98,22,1.0,0,0
2026-08-17,FAC-024,278,42,41,0.98,18,0.83,0,0
2026-08-18,FAC-024,254,42,41,0.98,20,0.913,0,0
2026-08-19,FAC-024,297,42,41,0.98,21,0.998,0,0
2026-08-20,FAC-024,285,42,41,0.98,17,0.813,1,0
2026-08-21,FAC-024,293,42,41,0.98,20,0.92,3,0
2026-08-22,FAC-024,256,42,41,0.98,18,0.832,0,0
2026-08-23,FAC-024,257,42,41,0.98,20,0.914,0,0
2026-08-24,FAC-024,299,42,41,0.98,18,0.821,0,0
2026-08-25,FAC-024,245,42,41,0.98,20,0.95,0,0
2026-08-26,FAC-024,318,42,41,0.98,16,0.772,0,0
2026-08-27,FAC-024,273,42,41,0.98,19,0.908,0,0
2026-08-28,FAC-024,293,42,41,0.98,19,0.901,4,0
2026-08-29,FAC-024,256,42,41,0.98,21,0.959,0,0
2026-08-30,FAC-024,245,42,41,0.98,18,0.854,0,0
2026-08-31,FAC-024,290,42,41,0.98,19,0.897,1,0
2026-09-01,FAC-024,294,42,41,0.98,20,0.947,0,0
2026-09-02,FAC-024,283,42,41,0.98,21,0.989,0,0
2026-09-03,FAC-024,311,42,41,0.98,17,0.794,0,0
2026-09-04,FAC-024,297,42,41,0.98,20,0.939,0,0
2026-09-05,FAC-024,255,42,41,0.98,18,0.858,0,0
2026-09-06,FAC-024,290,42,41,0.98,19,0.883,0,0
2026-09-07,FAC-024,308,42,41,0.98,19,0.884,0,0
2026-09-08,FAC-024,279,42,41,0.98,18,0.832,0,0
2026-09-09,FAC-024,309,42,41,0.98,16,0.745,4,0
2026-09-10,FAC-024,310,42,41,0.98,21,0.981,0,0
2026-09-11,FAC-024,309,42,41,0.98,16,0.766,0,0
2026-09-12,FAC-024,240,42,41,0.98,21,0.957,0,0
2026-09-13,FAC-024,255,42,41,0.98,18,0.821,3,0
2026-09-14,FAC-024,323,42,41,0.98,17,0.779,0,0
2026-09-15,FAC-024,332,42,41,0.98,20,0.924,0,0
2026-09-16,FAC-024,280,42,41,0.98,18,0.829,0,0
2026-09-17,FAC-024,321,42,41,0.98,18,0.842,0,0
2026-09-18,FAC-024,348,42,41,0.98,20,0.939,0,0
2026-09-19,FAC-024,224,42,41,0.98,18,0.827,0,0
2026-09-20,FAC-024,277,42,41,0.98,18,0.863,0,0
2026-09-21,FAC-024,320,42,41,0.98,18,0.824,0,0
2026-09-22,FAC-024,327,42,41,0.98,18,0.844,0,0
2026-09-23,FAC-024,340,42,41,0.98,18,0.863,0,0
2026-09-24,FAC-024,313,42,41,0.98,20,0.916,3,0
2026-09-25,FAC-024,307,42,41,0.98,20,0.95,0,0
2026-09-26,FAC-024,252,42,41,0.98,21,0.969,0,0
2026-09-27,FAC-024,273,42,41,0.98,18,0.831,0,0
2026-04-01,FAC-025,119,41,40,0.98,20,0.953,0,0
2026-04-02,FAC-025,134,41,40,0.98,21,0.96,0,0
2026-04-03,FAC-025,154,41,40,0.98,19,0.865,0,0
2026-04-04,FAC-025,132,41,40,0.98,19,0.891,0,0
2026-04-05,FAC-025,120,41,40,0.98,19,0.898,0,0
2026-04-06,FAC-025,150,41,40,0.98,20,0.937,0,0
2026-04-07,FAC-025,220,41,40,0.98,18,0.859,0,1
2026-04-08,FAC-025,144,41,40,0.98,19,0.901,0,0
2026-04-09,FAC-025,141,41,40,0.98,19,0.893,0,0
2026-04-10,FAC-025,142,41,40,0.98,19,0.906,0,0
2026-04-11,FAC-025,131,41,40,0.98,19,0.898,0,0
2026-04-12,FAC-025,106,41,40,0.98,16,0.766,0,0
2026-04-13,FAC-025,137,41,40,0.98,20,0.947,0,0
2026-04-14,FAC-025,140,41,40,0.98,19,0.907,0,0
2026-04-15,FAC-025,163,41,40,0.98,19,0.891,0,0
2026-04-16,FAC-025,123,41,40,0.98,18,0.856,0,0
2026-04-17,FAC-025,145,41,40,0.98,19,0.881,0,0
2026-04-18,FAC-025,104,41,40,0.98,18,0.845,0,0
2026-04-19,FAC-025,123,41,40,0.98,22,1.0,2,0
2026-04-20,FAC-025,152,41,40,0.98,20,0.93,0,0
2026-04-21,FAC-025,143,41,40,0.98,16,0.757,0,0
2026-04-22,FAC-025,133,41,40,0.98,17,0.787,0,0
2026-04-23,FAC-025,131,41,40,0.98,21,0.972,0,0
2026-04-24,FAC-025,141,41,40,0.98,20,0.919,0,0
2026-04-25,FAC-025,109,41,40,0.98,20,0.924,0,0
2026-04-26,FAC-025,188,41,40,0.98,20,0.924,0,1
2026-04-27,FAC-025,138,41,40,0.98,19,0.9,0,0
2026-04-28,FAC-025,139,41,40,0.98,19,0.884,0,0
2026-04-29,FAC-025,127,41,40,0.98,20,0.92,0,0
2026-04-30,FAC-025,142,41,40,0.98,19,0.871,0,0
2026-05-01,FAC-025,134,41,40,0.98,21,0.965,0,0
2026-05-02,FAC-025,110,41,40,0.98,18,0.825,4,0
2026-05-03,FAC-025,127,41,40,0.98,18,0.85,0,0
2026-05-04,FAC-025,143,41,40,0.98,18,0.822,0,0
2026-05-05,FAC-025,145,41,40,0.98,20,0.927,0,0
2026-05-06,FAC-025,142,41,40,0.98,20,0.929,0,0
2026-05-07,FAC-025,129,41,40,0.98,18,0.862,0,0
2026-05-08,FAC-025,133,41,40,0.98,19,0.875,0,0
2026-05-09,FAC-025,182,41,40,0.98,19,0.892,0,1
2026-05-10,FAC-025,107,41,40,0.98,21,0.96,0,0
2026-05-11,FAC-025,159,41,40,0.98,18,0.853,0,0
2026-05-12,FAC-025,126,41,40,0.98,17,0.815,0,0
2026-05-13,FAC-025,153,41,40,0.98,20,0.949,0,0
2026-05-14,FAC-025,133,41,40,0.98,19,0.873,0,0
2026-05-15,FAC-025,154,41,40,0.98,20,0.923,0,0
2026-05-16,FAC-025,111,41,40,0.98,20,0.944,0,0
2026-05-17,FAC-025,105,41,40,0.98,19,0.892,0,0
2026-05-18,FAC-025,141,41,40,0.98,20,0.933,4,0
2026-05-19,FAC-025,136,41,40,0.98,20,0.92,0,0
2026-05-20,FAC-025,145,41,40,0.98,20,0.917,0,0
2026-05-21,FAC-025,141,41,40,0.98,21,0.981,2,0
2026-05-22,FAC-025,161,41,40,0.98,20,0.927,0,0
2026-05-23,FAC-025,115,41,40,0.98,19,0.903,0,0
2026-05-24,FAC-025,148,41,40,0.98,21,0.987,0,0
2026-05-25,FAC-025,148,41,40,0.98,21,0.962,0,0
2026-05-26,FAC-025,187,41,40,0.98,21,0.966,3,1
2026-05-27,FAC-025,144,41,40,0.98,17,0.814,0,0
2026-05-28,FAC-025,160,41,40,0.98,21,0.987,0,0
2026-05-29,FAC-025,154,41,40,0.98,21,0.959,0,0
2026-05-30,FAC-025,127,41,40,0.98,19,0.903,0,0
2026-05-31,FAC-025,127,41,40,0.98,18,0.859,0,0
2026-06-01,FAC-025,148,41,40,0.98,21,0.975,0,0
2026-06-02,FAC-025,140,41,40,0.98,21,0.975,0,0
2026-06-03,FAC-025,143,41,40,0.98,21,0.983,0,0
2026-06-04,FAC-025,153,41,40,0.98,19,0.88,0,0
2026-06-05,FAC-025,137,41,40,0.98,19,0.866,0,0
2026-06-06,FAC-025,117,41,40,0.98,18,0.844,0,0
2026-06-07,FAC-025,115,41,40,0.98,15,0.724,0,0
2026-06-08,FAC-025,148,41,40,0.98,18,0.852,0,0
2026-06-09,FAC-025,159,41,40,0.98,22,1.0,0,0
2026-06-10,FAC-025,150,41,40,0.98,20,0.933,0,0
2026-06-11,FAC-025,156,41,40,0.98,19,0.887,0,0
2026-06-12,FAC-025,124,41,40,0.98,22,1.0,0,0
2026-06-13,FAC-025,114,41,40,0.98,21,0.96,0,0
2026-06-14,FAC-025,128,41,40,0.98,19,0.893,0,0
2026-06-15,FAC-025,159,41,40,0.98,21,0.986,0,0
2026-06-16,FAC-025,160,41,40,0.98,19,0.882,0,0
2026-06-17,FAC-025,151,41,40,0.98,19,0.887,0,0
2026-06-18,FAC-025,150,41,40,0.98,20,0.935,0,0
2026-06-19,FAC-025,136,41,40,0.98,20,0.945,0,0
2026-06-20,FAC-025,135,41,40,0.98,18,0.827,0,0
2026-06-21,FAC-025,122,41,40,0.98,18,0.857,3,0
2026-06-22,FAC-025,163,41,40,0.98,18,0.856,0,0
2026-06-23,FAC-025,166,41,40,0.98,18,0.856,0,0
2026-06-24,FAC-025,156,41,40,0.98,20,0.946,0,0
2026-06-25,FAC-025,164,41,40,0.98,19,0.868,0,0
2026-06-26,FAC-025,242,41,40,0.98,20,0.928,1,1
2026-06-27,FAC-025,121,41,40,0.98,18,0.826,0,0
2026-06-28,FAC-025,114,41,40,0.98,17,0.816,0,0
2026-06-29,FAC-025,133,41,40,0.98,20,0.92,0,0
2026-06-30,FAC-025,157,41,40,0.98,22,1.0,0,0
2026-07-01,FAC-025,146,41,40,0.98,18,0.853,0,0
2026-07-02,FAC-025,147,41,40,0.98,18,0.841,0,0
2026-07-03,FAC-025,133,41,40,0.98,19,0.87,0,0
2026-07-04,FAC-025,149,41,40,0.98,20,0.912,0,0
2026-07-05,FAC-025,117,41,40,0.98,18,0.845,0,0
2026-07-06,FAC-025,139,41,40,0.98,20,0.912,0,0
2026-07-07,FAC-025,130,41,40,0.98,20,0.941,0,0
2026-07-08,FAC-025,150,41,40,0.98,22,1.0,0,0
2026-07-09,FAC-025,148,41,40,0.98,16,0.755,0,0
2026-07-10,FAC-025,166,41,40,0.98,18,0.848,0,0
2026-07-11,FAC-025,121,41,40,0.98,21,0.962,0,0
2026-07-12,FAC-025,122,41,40,0.98,19,0.884,0,0
2026-07-13,FAC-025,151,41,40,0.98,20,0.918,0,0
2026-07-14,FAC-025,141,41,40,0.98,18,0.85,0,0
2026-07-15,FAC-025,147,41,40,0.98,18,0.84,5,0
2026-07-16,FAC-025,137,41,40,0.98,19,0.868,4,0
2026-07-17,FAC-025,150,41,40,0.98,21,0.961,0,0
2026-07-18,FAC-025,122,41,40,0.98,22,1.0,0,0
2026-07-19,FAC-025,119,41,40,0.98,21,0.972,0,0
2026-07-20,FAC-025,134,41,40,0.98,19,0.886,0,0
2026-07-21,FAC-025,136,41,40,0.98,19,0.885,0,0
2026-07-22,FAC-025,167,41,40,0.98,19,0.904,0,0
2026-07-23,FAC-025,139,41,40,0.98,19,0.884,0,0
2026-07-24,FAC-025,161,41,40,0.98,20,0.942,0,0
2026-07-25,FAC-025,125,41,40,0.98,20,0.922,5,0
2026-07-26,FAC-025,140,41,40,0.98,20,0.925,0,0
2026-07-27,FAC-025,163,41,40,0.98,21,0.955,0,0
2026-07-28,FAC-025,157,41,40,0.98,21,0.967,0,0
2026-07-29,FAC-025,139,41,40,0.98,21,0.961,3,0
2026-07-30,FAC-025,160,41,40,0.98,22,1.0,0,0
2026-07-31,FAC-025,163,41,40,0.98,20,0.922,0,0
2026-08-01,FAC-025,120,41,40,0.98,17,0.803,0,0
2026-08-02,FAC-025,131,41,40,0.98,19,0.895,0,0
2026-08-03,FAC-025,141,41,40,0.98,18,0.862,0,0
2026-08-04,FAC-025,146,41,40,0.98,20,0.937,0,0
2026-08-05,FAC-025,161,41,40,0.98,19,0.895,0,0
2026-08-06,FAC-025,158,41,40,0.98,21,0.957,0,0
2026-08-07,FAC-025,139,41,40,0.98,18,0.841,0,0
2026-08-08,FAC-025,120,41,40,0.98,18,0.848,0,0
2026-08-09,FAC-025,101,41,40,0.98,18,0.83,0,0
2026-08-10,FAC-025,141,41,40,0.98,18,0.847,5,0
2026-08-11,FAC-025,154,41,40,0.98,20,0.922,0,0
2026-08-12,FAC-025,141,41,40,0.98,20,0.926,1,0
2026-08-13,FAC-025,152,41,40,0.98,21,0.975,0,0
2026-08-14,FAC-025,153,41,40,0.98,20,0.939,0,0
2026-08-15,FAC-025,107,41,40,0.98,19,0.896,2,0
2026-08-16,FAC-025,137,41,40,0.98,20,0.912,0,0
2026-08-17,FAC-025,170,41,40,0.98,18,0.82,0,0
2026-08-18,FAC-025,173,41,40,0.98,18,0.838,0,0
2026-08-19,FAC-025,135,41,40,0.98,21,0.978,0,0
2026-08-20,FAC-025,168,41,40,0.98,18,0.841,0,0
2026-08-21,FAC-025,141,41,40,0.98,19,0.899,0,0
2026-08-22,FAC-025,138,41,40,0.98,18,0.833,0,0
2026-08-23,FAC-025,122,41,40,0.98,19,0.873,0,0
2026-08-24,FAC-025,141,41,40,0.98,20,0.928,0,0
2026-08-25,FAC-025,136,41,40,0.98,20,0.931,0,0
2026-08-26,FAC-025,133,41,40,0.98,19,0.879,0,0
2026-08-27,FAC-025,152,41,40,0.98,18,0.833,0,0
2026-08-28,FAC-025,140,41,40,0.98,22,1.0,0,0
2026-08-29,FAC-025,108,41,40,0.98,20,0.918,0,0
2026-08-30,FAC-025,147,41,40,0.98,20,0.954,0,0
2026-08-31,FAC-025,144,41,40,0.98,22,1.0,0,0
2026-09-01,FAC-025,150,41,40,0.98,21,0.985,0,0
2026-09-02,FAC-025,155,41,40,0.98,21,0.995,2,0
2026-09-03,FAC-025,135,41,40,0.98,20,0.936,0,0
2026-09-04,FAC-025,139,41,40,0.98,21,0.976,0,0
2026-09-05,FAC-025,130,41,40,0.98,20,0.924,0,0
2026-09-06,FAC-025,138,41,40,0.98,20,0.952,0,0
2026-09-07,FAC-025,142,41,40,0.98,17,0.805,0,0
2026-09-08,FAC-025,156,41,40,0.98,18,0.823,0,0
2026-09-09,FAC-025,167,41,40,0.98,18,0.858,0,0
2026-09-10,FAC-025,156,41,40,0.98,18,0.849,0,0
2026-09-11,FAC-025,137,41,40,0.98,20,0.926,0,0
2026-09-12,FAC-025,208,41,40,0.98,16,0.731,0,1
2026-09-13,FAC-025,122,41,40,0.98,19,0.903,0,0
2026-09-14,FAC-025,149,41,40,0.98,19,0.905,0,0
2026-09-15,FAC-025,143,41,40,0.98,19,0.897,0,0
2026-09-16,FAC-025,155,41,40,0.98,18,0.853,0,0
2026-09-17,FAC-025,139,41,40,0.98,20,0.945,0,0
2026-09-18,FAC-025,162,41,40,0.98,17,0.787,0,0
2026-09-19,FAC-025,131,41,40,0.98,19,0.894,0,0
2026-09-20,FAC-025,128,41,40,0.98,20,0.954,0,0
2026-09-21,FAC-025,163,41,40,0.98,19,0.906,0,0
2026-09-22,FAC-025,129,41,40,0.98,21,0.984,4,0
2026-09-23,FAC-025,151,41,40,0.98,19,0.877,0,0
2026-09-24,FAC-025,177,41,40,0.98,19,0.875,0,0
2026-09-25,FAC-025,141,41,40,0.98,17,0.815,0,0
2026-09-26,FAC-025,121,41,40,0.98,16,0.765,0,0
2026-09-27,FAC-025,126,41,40,0.98,20,0.926,0,0
2026-04-01,FAC-026,406,60,58,0.98,76,0.928,0,0
2026-04-02,FAC-026,379,60,58,0.98,79,0.971,0,0
2026-04-03,FAC-026,418,60,58,0.98,72,0.88,0,0
2026-04-04,FAC-026,365,60,58,0.98,70,0.865,0,0
2026-04-05,FAC-026,330,60,58,0.98,72,0.889,0,0
2026-04-06,FAC-026,394,60,58,0.98,69,0.842,0,0
2026-04-07,FAC-026,364,60,58,0.98,74,0.905,0,0
2026-04-08,FAC-026,415,60,58,0.98,66,0.81,0,0
2026-04-09,FAC-026,369,60,58,0.98,72,0.881,0,0
2026-04-10,FAC-026,390,60,58,0.98,76,0.934,0,0
2026-04-11,FAC-026,334,60,58,0.98,68,0.838,0,0
2026-04-12,FAC-026,348,60,58,0.98,67,0.826,0,0
2026-04-13,FAC-026,437,60,58,0.98,62,0.767,0,0
2026-04-14,FAC-026,446,60,58,0.98,75,0.926,0,0
2026-04-15,FAC-026,451,60,58,0.98,76,0.929,1,0
2026-04-16,FAC-026,436,60,58,0.98,80,0.988,0,0
2026-04-17,FAC-026,353,60,58,0.98,68,0.835,0,0
2026-04-18,FAC-026,358,60,58,0.98,70,0.863,0,0
2026-04-19,FAC-026,315,60,58,0.98,70,0.854,0,0
2026-04-20,FAC-026,397,60,58,0.98,72,0.887,0,0
2026-04-21,FAC-026,621,60,58,0.98,65,0.805,1,1
2026-04-22,FAC-026,377,60,58,0.98,75,0.918,0,0
2026-04-23,FAC-026,405,60,58,0.98,75,0.926,0,0
2026-04-24,FAC-026,403,60,58,0.98,66,0.81,0,0
2026-04-25,FAC-026,336,60,58,0.98,72,0.882,0,0
2026-04-26,FAC-026,315,60,58,0.98,77,0.947,0,0
2026-04-27,FAC-026,350,60,58,0.98,69,0.847,0,0
2026-04-28,FAC-026,375,60,58,0.98,71,0.876,0,0
2026-04-29,FAC-026,408,60,58,0.98,77,0.95,0,0
2026-04-30,FAC-026,407,60,58,0.98,71,0.876,0,0
2026-05-01,FAC-026,415,60,58,0.98,75,0.926,0,0
2026-05-02,FAC-026,387,60,58,0.98,74,0.91,0,0
2026-05-03,FAC-026,330,60,58,0.98,81,0.99,0,0
2026-05-04,FAC-026,381,60,58,0.98,68,0.837,0,0
2026-05-05,FAC-026,434,60,58,0.98,72,0.883,0,0
2026-05-06,FAC-026,352,60,58,0.98,70,0.859,0,0
2026-05-07,FAC-026,458,60,58,0.98,70,0.864,0,0
2026-05-08,FAC-026,381,60,58,0.98,81,0.991,4,0
2026-05-09,FAC-026,376,60,58,0.98,82,1.0,2,0
2026-05-10,FAC-026,342,60,58,0.98,76,0.934,0,0
2026-05-11,FAC-026,384,60,58,0.98,75,0.922,0,0
2026-05-12,FAC-026,361,60,58,0.98,79,0.968,0,0
2026-05-13,FAC-026,381,60,58,0.98,68,0.833,0,0
2026-05-14,FAC-026,387,60,58,0.98,81,0.995,0,0
2026-05-15,FAC-026,393,60,58,0.98,73,0.894,0,0
2026-05-16,FAC-026,296,60,58,0.98,66,0.817,0,0
2026-05-17,FAC-026,352,60,58,0.98,78,0.952,0,0
2026-05-18,FAC-026,355,60,58,0.98,65,0.804,0,0
2026-05-19,FAC-026,413,60,58,0.98,72,0.885,0,0
2026-05-20,FAC-026,411,60,58,0.98,62,0.764,0,0
2026-05-21,FAC-026,458,60,58,0.98,65,0.803,0,0
2026-05-22,FAC-026,429,60,58,0.98,72,0.882,0,0
2026-05-23,FAC-026,386,60,58,0.98,74,0.911,0,0
2026-05-24,FAC-026,358,60,58,0.98,64,0.783,4,0
2026-05-25,FAC-026,479,60,58,0.98,76,0.927,5,0
2026-05-26,FAC-026,379,60,58,0.98,75,0.917,0,0
2026-05-27,FAC-026,421,60,58,0.98,74,0.91,0,0
2026-05-28,FAC-026,420,60,58,0.98,72,0.884,0,0
2026-05-29,FAC-026,361,60,58,0.98,80,0.978,0,0
2026-05-30,FAC-026,320,60,58,0.98,69,0.849,0,0
2026-05-31,FAC-026,325,60,58,0.98,77,0.947,0,0
2026-06-01,FAC-026,454,60,58,0.98,77,0.941,0,0
2026-06-02,FAC-026,434,60,58,0.98,69,0.844,0,0
2026-06-03,FAC-026,341,60,58,0.98,82,1.0,0,0
2026-06-04,FAC-026,371,60,58,0.98,62,0.767,0,0
2026-06-05,FAC-026,466,60,58,0.98,62,0.757,0,0
2026-06-06,FAC-026,349,60,58,0.98,80,0.985,0,0
2026-06-07,FAC-026,370,60,58,0.98,73,0.891,3,0
2026-06-08,FAC-026,385,60,58,0.98,75,0.926,0,0
2026-06-09,FAC-026,442,60,58,0.98,72,0.88,0,0
2026-06-10,FAC-026,399,60,58,0.98,71,0.874,0,0
2026-06-11,FAC-026,386,60,58,0.98,70,0.865,0,0
2026-06-12,FAC-026,422,60,58,0.98,76,0.939,0,0
2026-06-13,FAC-026,330,60,58,0.98,69,0.849,0,0
2026-06-14,FAC-026,372,60,58,0.98,73,0.9,0,0
2026-06-15,FAC-026,390,60,58,0.98,67,0.829,0,0
2026-06-16,FAC-026,561,60,58,0.98,72,0.886,0,1
2026-06-17,FAC-026,398,60,58,0.98,74,0.904,0,0
2026-06-18,FAC-026,471,60,58,0.98,73,0.892,0,0
2026-06-19,FAC-026,514,60,58,0.98,78,0.957,0,0
2026-06-20,FAC-026,364,60,58,0.98,66,0.814,0,0
2026-06-21,FAC-026,305,60,58,0.98,74,0.91,0,0
2026-06-22,FAC-026,377,60,58,0.98,69,0.845,0,0
2026-06-23,FAC-026,754,60,58,0.98,79,0.969,0,1
2026-06-24,FAC-026,373,60,58,0.98,71,0.877,0,0
2026-06-25,FAC-026,615,60,58,0.98,81,0.995,0,1
2026-06-26,FAC-026,751,60,58,0.98,76,0.937,0,1
2026-06-27,FAC-026,370,60,58,0.98,73,0.891,3,0
2026-06-28,FAC-026,347,60,58,0.98,63,0.78,0,0
2026-06-29,FAC-026,404,60,58,0.98,78,0.963,0,0
2026-06-30,FAC-026,339,60,58,0.98,61,0.75,0,0
2026-07-01,FAC-026,440,60,58,0.98,80,0.985,0,0
2026-07-02,FAC-026,413,60,58,0.98,69,0.843,0,0
2026-07-03,FAC-026,400,60,58,0.98,70,0.857,0,0
2026-07-04,FAC-026,362,60,58,0.98,72,0.89,3,0
2026-07-05,FAC-026,347,60,58,0.98,72,0.879,0,0
2026-07-06,FAC-026,375,60,58,0.98,70,0.862,0,0
2026-07-07,FAC-026,380,60,58,0.98,78,0.956,0,0
2026-07-08,FAC-026,435,60,58,0.98,73,0.9,0,0
2026-07-09,FAC-026,449,60,58,0.98,64,0.786,0,0
2026-07-10,FAC-026,388,60,58,0.98,75,0.922,0,0
2026-07-11,FAC-026,387,60,58,0.98,82,1.0,0,0
2026-07-12,FAC-026,355,60,58,0.98,75,0.92,5,0
2026-07-13,FAC-026,426,60,58,0.98,67,0.826,0,0
2026-07-14,FAC-026,442,60,58,0.98,69,0.847,0,0
2026-07-15,FAC-026,413,60,58,0.98,77,0.945,0,0
2026-07-16,FAC-026,439,60,58,0.98,67,0.821,0,0
2026-07-17,FAC-026,345,60,58,0.98,69,0.85,0,0
2026-07-18,FAC-026,348,60,58,0.98,78,0.959,0,0
2026-07-19,FAC-026,371,60,58,0.98,69,0.851,0,0
2026-07-20,FAC-026,437,60,58,0.98,77,0.939,0,0
2026-07-21,FAC-026,372,60,58,0.98,82,1.0,0,0
2026-07-22,FAC-026,480,60,58,0.98,73,0.896,0,0
2026-07-23,FAC-026,421,60,58,0.98,66,0.813,5,0
2026-07-24,FAC-026,423,60,58,0.98,73,0.899,0,0
2026-07-25,FAC-026,328,60,58,0.98,74,0.911,0,0
2026-07-26,FAC-026,336,60,58,0.98,80,0.987,0,0
2026-07-27,FAC-026,380,60,58,0.98,76,0.934,0,0
2026-07-28,FAC-026,717,60,58,0.98,74,0.909,0,1
2026-07-29,FAC-026,459,60,58,0.98,75,0.915,0,0
2026-07-30,FAC-026,377,60,58,0.98,76,0.935,0,0
2026-07-31,FAC-026,450,60,58,0.98,71,0.866,0,0
2026-08-01,FAC-026,329,60,58,0.98,66,0.81,0,0
2026-08-02,FAC-026,366,60,58,0.98,74,0.91,0,0
2026-08-03,FAC-026,441,60,58,0.98,73,0.896,0,0
2026-08-04,FAC-026,420,60,58,0.98,76,0.933,3,0
2026-08-05,FAC-026,417,60,58,0.98,79,0.968,3,0
2026-08-06,FAC-026,428,60,58,0.98,72,0.884,0,0
2026-08-07,FAC-026,434,60,58,0.98,72,0.884,0,0
2026-08-08,FAC-026,364,60,58,0.98,76,0.927,0,0
2026-08-09,FAC-026,336,60,58,0.98,72,0.881,0,0
2026-08-10,FAC-026,475,60,58,0.98,74,0.914,0,0
2026-08-11,FAC-026,372,60,58,0.98,73,0.898,0,0
2026-08-12,FAC-026,477,60,58,0.98,72,0.887,3,0
2026-08-13,FAC-026,402,60,58,0.98,76,0.931,0,0
2026-08-14,FAC-026,374,60,58,0.98,77,0.943,0,0
2026-08-15,FAC-026,338,60,58,0.98,74,0.912,0,0
2026-08-16,FAC-026,359,60,58,0.98,82,1.0,0,0
2026-08-17,FAC-026,415,60,58,0.98,65,0.803,0,0
2026-08-18,FAC-026,454,60,58,0.98,73,0.902,0,0
2026-08-19,FAC-026,391,60,58,0.98,75,0.921,0,0
2026-08-20,FAC-026,374,60,58,0.98,70,0.86,0,0
2026-08-21,FAC-026,388,60,58,0.98,70,0.863,0,0
2026-08-22,FAC-026,382,60,58,0.98,76,0.927,0,0
2026-08-23,FAC-026,370,60,58,0.98,71,0.87,0,0
2026-08-24,FAC-026,417,60,58,0.98,72,0.886,0,0
2026-08-25,FAC-026,456,60,58,0.98,75,0.927,0,0
2026-08-26,FAC-026,401,60,58,0.98,82,1.0,0,0
2026-08-27,FAC-026,439,60,58,0.98,72,0.883,0,0
2026-08-28,FAC-026,453,60,58,0.98,75,0.915,0,0
2026-08-29,FAC-026,356,60,58,0.98,73,0.898,0,0
2026-08-30,FAC-026,375,60,58,0.98,67,0.824,4,0
2026-08-31,FAC-026,426,60,58,0.98,67,0.819,0,0
2026-09-01,FAC-026,424,60,58,0.98,80,0.979,0,0
2026-09-02,FAC-026,406,60,58,0.98,74,0.903,0,0
2026-09-03,FAC-026,382,60,58,0.98,68,0.833,0,0
2026-09-04,FAC-026,417,60,58,0.98,75,0.916,4,0
2026-09-05,FAC-026,327,60,58,0.98,75,0.925,0,0
2026-09-06,FAC-026,378,60,58,0.98,61,0.748,0,0
2026-09-07,FAC-026,384,60,58,0.98,70,0.856,0,0
2026-09-08,FAC-026,412,60,58,0.98,72,0.882,0,0
2026-09-09,FAC-026,471,60,58,0.98,69,0.848,0,0
2026-09-10,FAC-026,464,60,58,0.98,68,0.835,0,0
2026-09-11,FAC-026,440,60,58,0.98,68,0.831,0,0
2026-09-12,FAC-026,363,60,58,0.98,65,0.799,0,0
2026-09-13,FAC-026,330,60,58,0.98,74,0.905,0,0
2026-09-14,FAC-026,471,60,58,0.98,79,0.974,0,0
2026-09-15,FAC-026,444,60,58,0.98,76,0.936,0,0
2026-09-16,FAC-026,393,60,58,0.98,74,0.913,0,0
2026-09-17,FAC-026,426,60,58,0.98,77,0.948,0,0
2026-09-18,FAC-026,420,60,58,0.98,65,0.797,0,0
2026-09-19,FAC-026,325,60,58,0.98,78,0.952,0,0
2026-09-20,FAC-026,371,60,58,0.98,80,0.987,0,0
2026-09-21,FAC-026,438,60,58,0.98,73,0.899,2,0
2026-09-22,FAC-026,410,60,58,0.98,82,1.0,0,0
2026-09-23,FAC-026,389,60,58,0.98,66,0.809,0,0
2026-09-24,FAC-026,406,60,58,0.98,64,0.791,0,0
2026-09-25,FAC-026,458,60,58,0.98,75,0.922,1,0
2026-09-26,FAC-026,399,60,58,0.98,77,0.943,0,0
2026-09-27,FAC-026,376,60,58,0.98,70,0.864,0,0
2026-04-01,FAC-027,181,47,46,0.98,89,0.928,0,0
2026-04-02,FAC-027,227,47,46,0.98,84,0.875,0,0
2026-04-03,FAC-027,195,47,46,0.98,78,0.814,0,0
2026-04-04,FAC-027,186,47,46,0.98,93,0.96,2,0
2026-04-05,FAC-027,198,47,46,0.98,91,0.941,0,0
2026-04-06,FAC-027,196,47,46,0.98,81,0.837,0,0
2026-04-07,FAC-027,241,47,46,0.98,91,0.939,0,0
2026-04-08,FAC-027,213,47,46,0.98,80,0.833,0,0
2026-04-09,FAC-027,206,47,46,0.98,81,0.844,0,0
2026-04-10,FAC-027,236,47,46,0.98,81,0.835,0,0
2026-04-11,FAC-027,171,47,46,0.98,72,0.747,0,0
2026-04-12,FAC-027,175,47,46,0.98,85,0.879,0,0
2026-04-13,FAC-027,237,47,46,0.98,86,0.889,0,0
2026-04-14,FAC-027,194,47,46,0.98,79,0.819,3,0
2026-04-15,FAC-027,233,47,46,0.98,82,0.847,0,0
2026-04-16,FAC-027,223,47,46,0.98,87,0.905,0,0
2026-04-17,FAC-027,210,47,46,0.98,91,0.941,0,0
2026-04-18,FAC-027,192,47,46,0.98,82,0.85,0,0
2026-04-19,FAC-027,197,47,46,0.98,88,0.908,2,0
2026-04-20,FAC-027,190,47,46,0.98,86,0.893,0,0
2026-04-21,FAC-027,242,47,46,0.98,78,0.811,0,0
2026-04-22,FAC-027,233,47,46,0.98,77,0.797,0,0
2026-04-23,FAC-027,195,47,46,0.98,86,0.895,0,0
2026-04-24,FAC-027,250,47,46,0.98,90,0.932,0,0
2026-04-25,FAC-027,161,47,46,0.98,96,0.99,0,0
2026-04-26,FAC-027,193,47,46,0.98,94,0.974,0,0
2026-04-27,FAC-027,231,47,46,0.98,81,0.839,0,0
2026-04-28,FAC-027,232,47,46,0.98,89,0.919,0,0
2026-04-29,FAC-027,226,47,46,0.98,83,0.865,0,0
2026-04-30,FAC-027,223,47,46,0.98,85,0.886,0,0
2026-05-01,FAC-027,225,47,46,0.98,86,0.89,0,0
2026-05-02,FAC-027,202,47,46,0.98,77,0.799,0,0
2026-05-03,FAC-027,172,47,46,0.98,87,0.903,0,0
2026-05-04,FAC-027,222,47,46,0.98,80,0.826,0,0
2026-05-05,FAC-027,215,47,46,0.98,87,0.906,0,0
2026-05-06,FAC-027,238,47,46,0.98,95,0.987,0,0
2026-05-07,FAC-027,216,47,46,0.98,86,0.892,0,0
2026-05-08,FAC-027,216,47,46,0.98,90,0.936,0,0
2026-05-09,FAC-027,234,47,46,0.98,90,0.937,0,0
2026-05-10,FAC-027,210,47,46,0.98,87,0.898,0,0
2026-05-11,FAC-027,232,47,46,0.98,95,0.983,0,0
2026-05-12,FAC-027,199,47,46,0.98,95,0.981,0,0
2026-05-13,FAC-027,212,47,46,0.98,77,0.795,0,0
2026-05-14,FAC-027,260,47,46,0.98,82,0.852,5,0
2026-05-15,FAC-027,213,47,46,0.98,92,0.952,1,0
2026-05-16,FAC-027,188,47,46,0.98,93,0.968,0,0
2026-05-17,FAC-027,193,47,46,0.98,90,0.936,2,0
2026-05-18,FAC-027,188,47,46,0.98,89,0.925,0,0
2026-05-19,FAC-027,202,47,46,0.98,84,0.866,0,0
2026-05-20,FAC-027,231,47,46,0.98,97,1.0,0,0
2026-05-21,FAC-027,231,47,46,0.98,85,0.885,0,0
2026-05-22,FAC-027,204,47,46,0.98,95,0.985,0,0
2026-05-23,FAC-027,201,47,46,0.98,90,0.936,0,0
2026-05-24,FAC-027,181,47,46,0.98,80,0.826,0,0
2026-05-25,FAC-027,236,47,46,0.98,97,1.0,0,0
2026-05-26,FAC-027,234,47,46,0.98,90,0.938,0,0
2026-05-27,FAC-027,245,47,46,0.98,90,0.929,0,0
2026-05-28,FAC-027,248,47,46,0.98,73,0.754,0,0
2026-05-29,FAC-027,240,47,46,0.98,82,0.847,2,0
2026-05-30,FAC-027,174,47,46,0.98,91,0.943,0,0
2026-05-31,FAC-027,202,47,46,0.98,82,0.852,0,0
2026-06-01,FAC-027,241,47,46,0.98,93,0.964,0,0
2026-06-02,FAC-027,223,47,46,0.98,87,0.898,0,0
2026-06-03,FAC-027,215,47,46,0.98,81,0.84,0,0
2026-06-04,FAC-027,230,47,46,0.98,86,0.893,0,0
2026-06-05,FAC-027,247,47,46,0.98,89,0.927,0,0
2026-06-06,FAC-027,196,47,46,0.98,95,0.988,0,0
2026-06-07,FAC-027,209,47,46,0.98,83,0.864,0,0
2026-06-08,FAC-027,228,47,46,0.98,93,0.963,0,0
2026-06-09,FAC-027,246,47,46,0.98,97,1.0,0,0
2026-06-10,FAC-027,388,47,46,0.98,92,0.953,0,1
2026-06-11,FAC-027,238,47,46,0.98,89,0.928,0,0
2026-06-12,FAC-027,217,47,46,0.98,91,0.945,0,0
2026-06-13,FAC-027,200,47,46,0.98,78,0.805,0,0
2026-06-14,FAC-027,182,47,46,0.98,82,0.854,0,0
2026-06-15,FAC-027,242,47,46,0.98,95,0.98,0,0
2026-06-16,FAC-027,236,47,46,0.98,84,0.866,0,0
2026-06-17,FAC-027,227,47,46,0.98,94,0.972,0,0
2026-06-18,FAC-027,267,47,46,0.98,74,0.77,0,0
2026-06-19,FAC-027,213,47,46,0.98,79,0.82,0,0
2026-06-20,FAC-027,180,47,46,0.98,91,0.94,0,0
2026-06-21,FAC-027,163,47,46,0.98,87,0.902,0,0
2026-06-22,FAC-027,211,47,46,0.98,86,0.893,0,0
2026-06-23,FAC-027,222,47,46,0.98,88,0.916,0,0
2026-06-24,FAC-027,217,47,46,0.98,87,0.901,0,0
2026-06-25,FAC-027,208,47,46,0.98,88,0.908,0,0
2026-06-26,FAC-027,228,47,46,0.98,88,0.914,0,0
2026-06-27,FAC-027,203,47,46,0.98,88,0.912,0,0
2026-06-28,FAC-027,171,47,46,0.98,90,0.933,0,0
2026-06-29,FAC-027,214,47,46,0.98,88,0.911,0,0
2026-06-30,FAC-027,231,47,46,0.98,75,0.783,0,0
2026-07-01,FAC-027,204,47,46,0.98,87,0.905,0,0
2026-07-02,FAC-027,242,47,46,0.98,85,0.883,0,0
2026-07-03,FAC-027,239,47,46,0.98,91,0.944,0,0
2026-07-04,FAC-027,214,47,46,0.98,85,0.883,0,0
2026-07-05,FAC-027,195,47,46,0.98,82,0.851,0,0
2026-07-06,FAC-027,252,47,46,0.98,94,0.975,0,0
2026-07-07,FAC-027,248,47,46,0.98,92,0.955,2,0
2026-07-08,FAC-027,223,47,46,0.98,97,1.0,0,0
2026-07-09,FAC-027,222,47,46,0.98,93,0.967,0,0
2026-07-10,FAC-027,247,47,46,0.98,91,0.941,4,0
2026-07-11,FAC-027,214,47,46,0.98,87,0.898,0,0
2026-07-12,FAC-027,176,47,46,0.98,93,0.962,0,0
2026-07-13,FAC-027,212,47,46,0.98,89,0.926,0,0
2026-07-14,FAC-027,261,47,46,0.98,91,0.948,0,0
2026-07-15,FAC-027,226,47,46,0.98,81,0.845,0,0
2026-07-16,FAC-027,221,47,46,0.98,85,0.886,0,0
2026-07-17,FAC-027,246,47,46,0.98,91,0.942,0,0
2026-07-18,FAC-027,205,47,46,0.98,96,0.99,0,0
2026-07-19,FAC-027,204,47,46,0.98,94,0.969,0,0
2026-07-20,FAC-027,252,47,46,0.98,91,0.944,2,0
2026-07-21,FAC-027,200,47,46,0.98,97,1.0,2,0
2026-07-22,FAC-027,221,47,46,0.98,97,1.0,0,0
2026-07-23,FAC-027,247,47,46,0.98,78,0.806,0,0
2026-07-24,FAC-027,216,47,46,0.98,92,0.958,0,0
2026-07-25,FAC-027,207,47,46,0.98,88,0.917,0,0
2026-07-26,FAC-027,227,47,46,0.98,91,0.942,0,0
2026-07-27,FAC-027,247,47,46,0.98,83,0.865,0,0
2026-07-28,FAC-027,263,47,46,0.98,83,0.859,0,0
2026-07-29,FAC-027,228,47,46,0.98,93,0.964,0,0
2026-07-30,FAC-027,230,47,46,0.98,92,0.95,0,0
2026-07-31,FAC-027,203,47,46,0.98,87,0.899,0,0
2026-08-01,FAC-027,195,47,46,0.98,83,0.857,0,0
2026-08-02,FAC-027,204,47,46,0.98,88,0.91,0,0
2026-08-03,FAC-027,224,47,46,0.98,88,0.912,0,0
2026-08-04,FAC-027,226,47,46,0.98,86,0.892,0,0
2026-08-05,FAC-027,255,47,46,0.98,82,0.853,0,0
2026-08-06,FAC-027,204,47,46,0.98,85,0.886,2,0
2026-08-07,FAC-027,237,47,46,0.98,90,0.937,0,0
2026-08-08,FAC-027,218,47,46,0.98,87,0.902,0,0
2026-08-09,FAC-027,184,47,46,0.98,97,1.0,0,0
2026-08-10,FAC-027,213,47,46,0.98,93,0.963,2,0
2026-08-11,FAC-027,219,47,46,0.98,85,0.878,0,0
2026-08-12,FAC-027,233,47,46,0.98,85,0.887,0,0
2026-08-13,FAC-027,258,47,46,0.98,83,0.864,3,0
2026-08-14,FAC-027,237,47,46,0.98,82,0.851,0,0
2026-08-15,FAC-027,221,47,46,0.98,84,0.871,5,0
2026-08-16,FAC-027,203,47,46,0.98,95,0.98,4,0
2026-08-17,FAC-027,228,47,46,0.98,86,0.887,2,0
2026-08-18,FAC-027,256,47,46,0.98,97,1.0,0,0
2026-08-19,FAC-027,233,47,46,0.98,82,0.846,0,0
2026-08-20,FAC-027,210,47,46,0.98,93,0.968,0,0
2026-08-21,FAC-027,228,47,46,0.98,93,0.962,0,0
2026-08-22,FAC-027,212,47,46,0.98,82,0.849,0,0
2026-08-23,FAC-027,215,47,46,0.98,93,0.965,0,0
2026-08-24,FAC-027,250,47,46,0.98,87,0.901,0,0
2026-08-25,FAC-027,199,47,46,0.98,84,0.87,0,0
2026-08-26,FAC-027,213,47,46,0.98,92,0.952,0,0
2026-08-27,FAC-027,263,47,46,0.98,87,0.902,0,0
2026-08-28,FAC-027,267,47,46,0.98,90,0.937,0,0
2026-08-29,FAC-027,187,47,46,0.98,88,0.916,0,0
2026-08-30,FAC-027,208,47,46,0.98,89,0.922,0,0
2026-08-31,FAC-027,214,47,46,0.98,78,0.814,0,0
2026-09-01,FAC-027,263,47,46,0.98,83,0.858,0,0
2026-09-02,FAC-027,216,47,46,0.98,89,0.926,0,0
2026-09-03,FAC-027,257,47,46,0.98,95,0.984,0,0
2026-09-04,FAC-027,271,47,46,0.98,84,0.87,0,0
2026-09-05,FAC-027,205,47,46,0.98,91,0.938,0,0
2026-09-06,FAC-027,205,47,46,0.98,82,0.855,0,0
2026-09-07,FAC-027,248,47,46,0.98,86,0.893,0,0
2026-09-08,FAC-027,207,47,46,0.98,93,0.963,0,0
2026-09-09,FAC-027,229,47,46,0.98,87,0.902,0,0
2026-09-10,FAC-027,227,47,46,0.98,84,0.873,0,0
2026-09-11,FAC-027,257,47,46,0.98,97,1.0,0,0
2026-09-12,FAC-027,293,47,46,0.98,90,0.932,0,1
2026-09-13,FAC-027,217,47,46,0.98,90,0.93,0,0
2026-09-14,FAC-027,242,47,46,0.98,81,0.837,1,0
2026-09-15,FAC-027,252,47,46,0.98,77,0.802,0,0
2026-09-16,FAC-027,212,47,46,0.98,91,0.947,0,0
2026-09-17,FAC-027,256,47,46,0.98,97,1.0,1,0
2026-09-18,FAC-027,232,47,46,0.98,92,0.949,0,0
2026-09-19,FAC-027,188,47,46,0.98,82,0.848,2,0
2026-09-20,FAC-027,182,47,46,0.98,80,0.828,0,0
2026-09-21,FAC-027,236,47,46,0.98,91,0.942,0,0
2026-09-22,FAC-027,229,47,46,0.98,84,0.876,0,0
2026-09-23,FAC-027,280,47,46,0.98,87,0.9,0,0
2026-09-24,FAC-027,249,47,46,0.98,85,0.88,0,0
2026-09-25,FAC-027,222,47,46,0.98,94,0.979,0,0
2026-09-26,FAC-027,200,47,46,0.98,87,0.907,0,0
2026-09-27,FAC-027,178,47,46,0.98,94,0.971,0,0
2026-04-01,FAC-028,290,85,83,0.98,18,0.803,0,0
2026-04-02,FAC-028,297,85,83,0.98,23,1.0,3,0
2026-04-03,FAC-028,294,85,83,0.98,17,0.772,2,0
2026-04-04,FAC-028,285,85,83,0.98,19,0.844,4,0
2026-04-05,FAC-028,239,85,83,0.98,23,1.0,2,0
2026-04-06,FAC-028,290,85,83,0.98,20,0.903,0,0
2026-04-07,FAC-028,263,85,83,0.98,19,0.863,0,0
2026-04-08,FAC-028,323,85,83,0.98,21,0.937,0,0
2026-04-09,FAC-028,330,85,83,0.98,20,0.889,0,0
2026-04-10,FAC-028,269,85,83,0.98,23,1.0,0,0
2026-04-11,FAC-028,236,85,83,0.98,19,0.856,0,0
2026-04-12,FAC-028,275,85,83,0.98,19,0.828,0,0
2026-04-13,FAC-028,283,85,83,0.98,21,0.936,0,0
2026-04-14,FAC-028,287,85,83,0.98,20,0.883,0,0
2026-04-15,FAC-028,273,85,83,0.98,23,1.0,5,0
2026-04-16,FAC-028,294,85,83,0.98,19,0.869,0,0
2026-04-17,FAC-028,291,85,83,0.98,22,0.962,0,0
2026-04-18,FAC-028,227,85,83,0.98,20,0.898,0,0
2026-04-19,FAC-028,270,85,83,0.98,17,0.756,0,0
2026-04-20,FAC-028,256,85,83,0.98,23,1.0,0,0
2026-04-21,FAC-028,294,85,83,0.98,21,0.927,0,0
2026-04-22,FAC-028,294,85,83,0.98,22,0.973,0,0
2026-04-23,FAC-028,283,85,83,0.98,21,0.95,0,0
2026-04-24,FAC-028,308,85,83,0.98,23,1.0,0,0
2026-04-25,FAC-028,237,85,83,0.98,21,0.925,0,0
2026-04-26,FAC-028,233,85,83,0.98,19,0.85,0,0
2026-04-27,FAC-028,281,85,83,0.98,20,0.876,0,0
2026-04-28,FAC-028,271,85,83,0.98,19,0.837,0,0
2026-04-29,FAC-028,274,85,83,0.98,21,0.956,0,0
2026-04-30,FAC-028,319,85,83,0.98,21,0.936,0,0
2026-05-01,FAC-028,279,85,83,0.98,22,0.972,0,0
2026-05-02,FAC-028,236,85,83,0.98,20,0.909,0,0
2026-05-03,FAC-028,226,85,83,0.98,21,0.934,0,0
2026-05-04,FAC-028,244,85,83,0.98,19,0.854,0,0
2026-05-05,FAC-028,316,85,83,0.98,20,0.879,0,0
2026-05-06,FAC-028,299,85,83,0.98,21,0.946,5,0
2026-05-07,FAC-028,256,85,83,0.98,21,0.932,0,0
2026-05-08,FAC-028,323,85,83,0.98,20,0.899,0,0
2026-05-09,FAC-028,222,85,83,0.98,22,0.995,0,0
2026-05-10,FAC-028,275,85,83,0.98,16,0.731,0,0
2026-05-11,FAC-028,287,85,83,0.98,20,0.885,0,0
2026-05-12,FAC-028,304,85,83,0.98,22,0.959,0,0
2026-05-13,FAC-028,302,85,83,0.98,20,0.88,0,0
2026-05-14,FAC-028,346,85,83,0.98,21,0.922,0,0
2026-05-15,FAC-028,301,85,83,0.98,17,0.757,0,0
2026-05-16,FAC-028,244,85,83,0.98,22,0.977,0,0
2026-05-17,FAC-028,249,85,83,0.98,21,0.926,0,0
2026-05-18,FAC-028,274,85,83,0.98,19,0.85,0,0
2026-05-19,FAC-028,305,85,83,0.98,21,0.929,1,0
2026-05-20,FAC-028,308,85,83,0.98,20,0.906,0,0
2026-05-21,FAC-028,309,85,83,0.98,20,0.907,0,0
2026-05-22,FAC-028,268,85,83,0.98,20,0.891,0,0
2026-05-23,FAC-028,250,85,83,0.98,22,0.961,2,0
2026-05-24,FAC-028,262,85,83,0.98,19,0.851,0,0
2026-05-25,FAC-028,275,85,83,0.98,19,0.858,0,0
2026-05-26,FAC-028,304,85,83,0.98,20,0.871,0,0
2026-05-27,FAC-028,336,85,83,0.98,20,0.91,0,0
2026-05-28,FAC-028,341,85,83,0.98,19,0.851,0,0
2026-05-29,FAC-028,284,85,83,0.98,21,0.953,0,0
2026-05-30,FAC-028,233,85,83,0.98,20,0.876,0,0
2026-05-31,FAC-028,274,85,83,0.98,20,0.893,3,0
2026-06-01,FAC-028,283,85,83,0.98,19,0.869,0,0
2026-06-02,FAC-028,293,85,83,0.98,21,0.933,0,0
2026-06-03,FAC-028,315,85,83,0.98,20,0.875,0,0
2026-06-04,FAC-028,286,85,83,0.98,21,0.915,0,0
2026-06-05,FAC-028,291,85,83,0.98,18,0.809,0,0
2026-06-06,FAC-028,264,85,83,0.98,22,0.96,0,0
2026-06-07,FAC-028,251,85,83,0.98,20,0.878,5,0
2026-06-08,FAC-028,290,85,83,0.98,17,0.776,0,0
2026-06-09,FAC-028,296,85,83,0.98,19,0.86,0,0
2026-06-10,FAC-028,297,85,83,0.98,19,0.856,0,0
2026-06-11,FAC-028,286,85,83,0.98,21,0.941,0,0
2026-06-12,FAC-028,278,85,83,0.98,23,1.0,0,0
2026-06-13,FAC-028,271,85,83,0.98,19,0.854,0,0
2026-06-14,FAC-028,256,85,83,0.98,18,0.811,0,0
2026-06-15,FAC-028,324,85,83,0.98,21,0.929,0,0
2026-06-16,FAC-028,328,85,83,0.98,21,0.927,0,0
2026-06-17,FAC-028,333,85,83,0.98,19,0.85,0,0
2026-06-18,FAC-028,311,85,83,0.98,21,0.93,0,0
2026-06-19,FAC-028,308,85,83,0.98,20,0.893,0,0
2026-06-20,FAC-028,257,85,83,0.98,21,0.919,0,0
2026-06-21,FAC-028,269,85,83,0.98,21,0.913,0,0
2026-06-22,FAC-028,330,85,83,0.98,20,0.912,0,0
2026-06-23,FAC-028,274,85,83,0.98,21,0.92,0,0
2026-06-24,FAC-028,328,85,83,0.98,18,0.791,0,0
2026-06-25,FAC-028,257,85,83,0.98,19,0.866,0,0
2026-06-26,FAC-028,308,85,83,0.98,20,0.89,0,0
2026-06-27,FAC-028,251,85,83,0.98,20,0.899,0,0
2026-06-28,FAC-028,241,85,83,0.98,20,0.881,0,0
2026-06-29,FAC-028,292,85,83,0.98,20,0.892,0,0
2026-06-30,FAC-028,322,85,83,0.98,21,0.951,0,0
2026-07-01,FAC-028,311,85,83,0.98,21,0.952,1,0
2026-07-02,FAC-028,300,85,83,0.98,21,0.937,0,0
2026-07-03,FAC-028,290,85,83,0.98,20,0.905,0,0
2026-07-04,FAC-028,251,85,83,0.98,20,0.91,0,0
2026-07-05,FAC-028,274,85,83,0.98,21,0.921,0,0
2026-07-06,FAC-028,313,85,83,0.98,20,0.891,0,0
2026-07-07,FAC-028,272,85,83,0.98,19,0.868,0,0
2026-07-08,FAC-028,282,85,83,0.98,21,0.934,0,0
2026-07-09,FAC-028,260,85,83,0.98,21,0.935,0,0
2026-07-10,FAC-028,317,85,83,0.98,20,0.892,0,0
2026-07-11,FAC-028,237,85,83,0.98,21,0.916,0,0
2026-07-12,FAC-028,244,85,83,0.98,18,0.812,2,0
2026-07-13,FAC-028,327,85,83,0.98,21,0.948,0,0
2026-07-14,FAC-028,331,85,83,0.98,20,0.878,0,0
2026-07-15,FAC-028,254,85,83,0.98,20,0.891,0,0
2026-07-16,FAC-028,325,85,83,0.98,22,0.96,0,0
2026-07-17,FAC-028,345,85,83,0.98,19,0.839,0,0
2026-07-18,FAC-028,252,85,83,0.98,20,0.898,0,0
2026-07-19,FAC-028,272,85,83,0.98,20,0.883,0,0
2026-07-20,FAC-028,313,85,83,0.98,18,0.8,1,0
2026-07-21,FAC-028,303,85,83,0.98,18,0.82,0,0
2026-07-22,FAC-028,299,85,83,0.98,22,0.966,0,0
2026-07-23,FAC-028,289,85,83,0.98,20,0.9,0,0
2026-07-24,FAC-028,283,85,83,0.98,20,0.883,0,0
2026-07-25,FAC-028,258,85,83,0.98,18,0.823,0,0
2026-07-26,FAC-028,255,85,83,0.98,20,0.905,0,0
2026-07-27,FAC-028,293,85,83,0.98,20,0.891,0,0
2026-07-28,FAC-028,347,85,83,0.98,21,0.942,0,0
2026-07-29,FAC-028,283,85,83,0.98,21,0.917,0,0
2026-07-30,FAC-028,300,85,83,0.98,19,0.862,3,0
2026-07-31,FAC-028,309,85,83,0.98,20,0.892,0,0
2026-08-01,FAC-028,263,85,83,0.98,20,0.906,0,0
2026-08-02,FAC-028,253,85,83,0.98,23,1.0,0,0
2026-08-03,FAC-028,310,85,83,0.98,21,0.926,0,0
2026-08-04,FAC-028,296,85,83,0.98,20,0.883,0,0
2026-08-05,FAC-028,328,85,83,0.98,19,0.842,0,0
2026-08-06,FAC-028,312,85,83,0.98,21,0.932,0,0
2026-08-07,FAC-028,274,85,83,0.98,18,0.814,0,0
2026-08-08,FAC-028,316,85,83,0.98,20,0.901,0,0
2026-08-09,FAC-028,281,85,83,0.98,21,0.951,0,0
2026-08-10,FAC-028,296,85,83,0.98,21,0.955,0,0
2026-08-11,FAC-028,308,85,83,0.98,20,0.882,0,0
2026-08-12,FAC-028,281,85,83,0.98,22,0.979,0,0
2026-08-13,FAC-028,282,85,83,0.98,20,0.891,0,0
2026-08-14,FAC-028,303,85,83,0.98,22,0.957,0,0
2026-08-15,FAC-028,243,85,83,0.98,22,0.974,0,0
2026-08-16,FAC-028,249,85,83,0.98,20,0.871,0,0
2026-08-17,FAC-028,296,85,83,0.98,21,0.955,0,0
2026-08-18,FAC-028,332,85,83,0.98,22,0.957,0,0
2026-08-19,FAC-028,288,85,83,0.98,19,0.841,0,0
2026-08-20,FAC-028,299,85,83,0.98,20,0.908,0,0
2026-08-21,FAC-028,337,85,83,0.98,21,0.93,0,0
2026-08-22,FAC-028,233,85,83,0.98,21,0.944,0,0
2026-08-23,FAC-028,255,85,83,0.98,19,0.842,0,0
2026-08-24,FAC-028,264,85,83,0.98,23,1.0,0,0
2026-08-25,FAC-028,281,85,83,0.98,20,0.903,0,0
2026-08-26,FAC-028,273,85,83,0.98,20,0.901,0,0
2026-08-27,FAC-028,295,85,83,0.98,18,0.798,0,0
2026-08-28,FAC-028,285,85,83,0.98,20,0.9,0,0
2026-08-29,FAC-028,249,85,83,0.98,22,0.962,0,0
2026-08-30,FAC-028,268,85,83,0.98,21,0.956,0,0
2026-08-31,FAC-028,420,85,83,0.98,20,0.888,0,1
2026-09-01,FAC-028,276,85,83,0.98,17,0.776,0,0
2026-09-02,FAC-028,353,85,83,0.98,22,0.995,1,0
2026-09-03,FAC-028,307,85,83,0.98,20,0.871,0,0
2026-09-04,FAC-028,312,85,83,0.98,21,0.94,0,0
2026-09-05,FAC-028,277,85,83,0.98,20,0.871,0,0
2026-09-06,FAC-028,227,85,83,0.98,22,0.965,0,0
2026-09-07,FAC-028,347,85,83,0.98,19,0.854,0,0
2026-09-08,FAC-028,265,85,83,0.98,18,0.792,0,0
2026-09-09,FAC-028,299,85,83,0.98,20,0.896,1,0
2026-09-10,FAC-028,308,85,83,0.98,17,0.755,0,0
2026-09-11,FAC-028,308,85,83,0.98,21,0.944,0,0
2026-09-12,FAC-028,250,85,83,0.98,19,0.851,0,0
2026-09-13,FAC-028,402,85,83,0.98,20,0.912,0,1
2026-09-14,FAC-028,316,85,83,0.98,20,0.894,0,0
2026-09-15,FAC-028,326,85,83,0.98,18,0.823,0,0
2026-09-16,FAC-028,344,85,83,0.98,21,0.955,0,0
2026-09-17,FAC-028,271,85,83,0.98,23,1.0,0,0
2026-09-18,FAC-028,303,85,83,0.98,21,0.937,0,0
2026-09-19,FAC-028,255,85,83,0.98,20,0.912,0,0
2026-09-20,FAC-028,426,85,83,0.98,19,0.844,0,1
2026-09-21,FAC-028,293,85,83,0.98,20,0.871,0,0
2026-09-22,FAC-028,292,85,83,0.98,19,0.838,0,0
2026-09-23,FAC-028,312,85,83,0.98,21,0.938,0,0
2026-09-24,FAC-028,307,85,83,0.98,21,0.927,0,0
2026-09-25,FAC-028,316,85,83,0.98,18,0.806,0,0
2026-09-26,FAC-028,253,85,83,0.98,19,0.86,0,0
2026-09-27,FAC-028,264,85,83,0.98,23,1.0,0,0
2026-04-01,FAC-029,193,243,187,0.773,58,0.938,0,0
2026-04-02,FAC-029,194,243,168,0.694,56,0.919,0,0
2026-04-03,FAC-029,203,243,222,0.914,55,0.902,0,0
2026-04-04,FAC-029,162,243,179,0.74,51,0.832,0,0
2026-04-05,FAC-029,164,243,125,0.517,59,0.952,0,0
2026-04-06,FAC-029,180,243,178,0.734,53,0.867,0,0
2026-04-07,FAC-029,185,243,189,0.782,58,0.945,0,0
2026-04-08,FAC-029,205,243,205,0.848,49,0.8,0,0
2026-04-09,FAC-029,347,243,238,0.98,54,0.875,0,1
2026-04-10,FAC-029,179,243,179,0.738,51,0.824,0,0
2026-04-11,FAC-029,142,243,141,0.583,52,0.852,0,0
2026-04-12,FAC-029,175,243,164,0.676,51,0.838,0,0
2026-04-13,FAC-029,212,243,221,0.91,62,1.0,0,0
2026-04-14,FAC-029,158,243,162,0.667,57,0.929,0,0
2026-04-15,FAC-029,187,243,179,0.741,60,0.975,0,0
2026-04-16,FAC-029,194,243,161,0.663,52,0.848,0,0
2026-04-17,FAC-029,169,243,166,0.686,59,0.957,0,0
2026-04-18,FAC-029,154,243,149,0.613,52,0.841,0,0
2026-04-19,FAC-029,169,243,192,0.794,55,0.898,0,0
2026-04-20,FAC-029,211,243,200,0.825,50,0.816,5,0
2026-04-21,FAC-029,199,243,197,0.811,53,0.865,0,0
2026-04-22,FAC-029,188,243,157,0.647,49,0.795,0,0
2026-04-23,FAC-029,189,243,197,0.813,60,0.984,0,0
2026-04-24,FAC-029,201,243,213,0.878,60,0.976,0,0
2026-04-25,FAC-029,166,243,159,0.656,59,0.955,0,0
2026-04-26,FAC-029,171,243,170,0.703,51,0.828,0,0
2026-04-27,FAC-029,161,243,177,0.73,57,0.929,0,0
2026-04-28,FAC-029,197,243,214,0.881,52,0.846,0,0
2026-04-29,FAC-029,160,243,170,0.7,60,0.972,0,0
2026-04-30,FAC-029,301,243,238,0.98,56,0.914,0,1
2026-05-01,FAC-029,171,243,141,0.58,55,0.9,0,0
2026-05-02,FAC-029,162,243,160,0.659,57,0.926,0,0
2026-05-03,FAC-029,150,243,151,0.624,53,0.871,0,0
2026-05-04,FAC-029,184,243,189,0.779,59,0.964,0,0
2026-05-05,FAC-029,193,243,205,0.844,55,0.901,0,0
2026-05-06,FAC-029,266,243,238,0.98,62,1.0,0,1
2026-05-07,FAC-029,207,243,205,0.847,60,0.969,0,0
2026-05-08,FAC-029,197,243,185,0.762,57,0.934,0,0
2026-05-09,FAC-029,146,243,156,0.646,62,1.0,0,0
2026-05-10,FAC-029,171,243,194,0.799,54,0.877,0,0
2026-05-11,FAC-029,196,243,209,0.862,54,0.882,0,0
2026-05-12,FAC-029,199,243,207,0.855,58,0.942,0,0
2026-05-13,FAC-029,173,243,197,0.814,57,0.927,0,0
2026-05-14,FAC-029,187,243,185,0.762,55,0.898,0,0
2026-05-15,FAC-029,177,243,200,0.824,59,0.958,0,0
2026-05-16,FAC-029,174,243,203,0.837,56,0.911,0,0
2026-05-17,FAC-029,139,243,151,0.622,58,0.935,0,0
2026-05-18,FAC-029,213,243,234,0.963,56,0.908,0,0
2026-05-19,FAC-029,187,243,206,0.85,45,0.741,0,0
2026-05-20,FAC-029,318,243,238,0.98,55,0.893,0,1
2026-05-21,FAC-029,184,243,189,0.781,60,0.981,0,0
2026-05-22,FAC-029,197,243,183,0.757,60,0.973,0,0
2026-05-23,FAC-029,180,243,164,0.676,62,1.0,5,0
2026-05-24,FAC-029,161,243,179,0.738,58,0.944,0,0
2026-05-25,FAC-029,249,243,238,0.98,56,0.904,0,1
2026-05-26,FAC-029,162,243,177,0.732,48,0.786,0,0
2026-05-27,FAC-029,190,243,176,0.728,57,0.935,0,0
2026-05-28,FAC-029,157,243,124,0.513,53,0.864,0,0
2026-05-29,FAC-029,198,243,202,0.833,59,0.963,0,0
2026-05-30,FAC-029,163,243,162,0.669,51,0.836,0,0
2026-05-31,FAC-029,159,243,158,0.653,48,0.777,0,0
2026-06-01,FAC-029,177,243,186,0.765,56,0.911,0,0
2026-06-02,FAC-029,187,243,175,0.721,49,0.795,0,0
2026-06-03,FAC-029,157,243,151,0.622,61,0.989,0,0
2026-06-04,FAC-029,191,243,210,0.868,51,0.829,0,0
2026-06-05,FAC-029,195,243,181,0.746,53,0.855,0,0
2026-06-06,FAC-029,172,243,169,0.698,50,0.817,0,0
2026-06-07,FAC-029,164,243,150,0.618,50,0.813,0,0
2026-06-08,FAC-029,249,243,238,0.98,60,0.973,0,1
2026-06-09,FAC-029,160,243,156,0.643,55,0.893,0,0
2026-06-10,FAC-029,187,243,174,0.716,58,0.945,0,0
2026-06-11,FAC-029,275,243,238,0.98,57,0.92,0,1
2026-06-12,FAC-029,201,243,194,0.8,49,0.805,0,0
2026-06-13,FAC-029,142,243,125,0.516,55,0.888,0,0
2026-06-14,FAC-029,146,243,124,0.51,54,0.877,0,0
2026-06-15,FAC-029,205,243,211,0.87,52,0.848,0,0
2026-06-16,FAC-029,192,243,166,0.684,52,0.848,0,0
2026-06-17,FAC-029,166,243,174,0.717,54,0.883,0,0
2026-06-18,FAC-029,190,243,205,0.846,52,0.84,5,0
2026-06-19,FAC-029,199,243,237,0.978,52,0.841,0,0
2026-06-20,FAC-029,143,243,118,0.488,57,0.923,0,0
2026-06-21,FAC-029,186,243,219,0.902,58,0.951,0,0
2026-06-22,FAC-029,206,243,215,0.885,58,0.944,0,0
2026-06-23,FAC-029,197,243,181,0.747,62,1.0,0,0
2026-06-24,FAC-029,213,243,197,0.814,58,0.939,0,0
2026-06-25,FAC-029,215,243,223,0.918,55,0.888,3,0
2026-06-26,FAC-029,215,243,219,0.905,53,0.862,0,0
2026-06-27,FAC-029,149,243,92,0.379,62,1.0,0,0
2026-06-28,FAC-029,153,243,171,0.707,52,0.845,0,0
2026-06-29,FAC-029,195,243,203,0.838,51,0.826,0,0
2026-06-30,FAC-029,208,243,204,0.84,57,0.933,0,0
2026-07-01,FAC-029,216,243,230,0.948,55,0.894,0,0
2026-07-02,FAC-029,223,243,222,0.914,56,0.906,0,0
2026-07-03,FAC-029,191,243,167,0.688,50,0.82,0,0
2026-07-04,FAC-029,157,243,137,0.565,54,0.883,0,0
2026-07-05,FAC-029,175,243,167,0.687,56,0.913,3,0
2026-07-06,FAC-029,186,243,235,0.969,61,0.99,0,0
2026-07-07,FAC-029,190,243,195,0.804,50,0.82,3,0
2026-07-08,FAC-029,190,243,178,0.734,58,0.945,5,0
2026-07-09,FAC-029,179,243,211,0.869,55,0.896,0,0
2026-07-10,FAC-029,180,243,180,0.743,58,0.944,0,0
2026-07-11,FAC-029,172,243,175,0.72,59,0.953,0,0
2026-07-12,FAC-029,176,243,191,0.79,54,0.883,0,0
2026-07-13,FAC-029,190,243,185,0.765,53,0.87,0,0
2026-07-14,FAC-029,196,243,195,0.806,61,0.999,2,0
2026-07-15,FAC-029,186,243,166,0.686,58,0.939,0,0
2026-07-16,FAC-029,195,243,181,0.748,58,0.947,0,0
2026-07-17,FAC-029,190,243,219,0.904,52,0.843,0,0
2026-07-18,FAC-029,157,243,159,0.656,60,0.981,0,0
2026-07-19,FAC-029,156,243,163,0.672,51,0.83,0,0
2026-07-20,FAC-029,209,243,196,0.808,58,0.937,0,0
2026-07-21,FAC-029,205,243,169,0.698,56,0.913,0,0
2026-07-22,FAC-029,187,243,196,0.809,52,0.848,0,0
2026-07-23,FAC-029,186,243,209,0.861,59,0.967,0,0
2026-07-24,FAC-029,179,243,213,0.88,46,0.745,0,0
2026-07-25,FAC-029,169,243,144,0.593,57,0.922,0,0
2026-07-26,FAC-029,264,243,238,0.98,53,0.856,0,1
2026-07-27,FAC-029,183,243,184,0.759,59,0.958,2,0
2026-07-28,FAC-029,226,243,222,0.916,56,0.918,0,0
2026-07-29,FAC-029,214,243,205,0.845,52,0.853,0,0
2026-07-30,FAC-029,226,243,222,0.916,56,0.913,0,0
2026-07-31,FAC-029,170,243,159,0.658,62,1.0,0,0
2026-08-01,FAC-029,172,243,171,0.706,60,0.984,0,0
2026-08-02,FAC-029,144,243,135,0.559,62,1.0,3,0
2026-08-03,FAC-029,195,243,193,0.798,60,0.971,0,0
2026-08-04,FAC-029,215,243,189,0.781,57,0.926,0,0
2026-08-05,FAC-029,224,243,211,0.87,54,0.878,0,0
2026-08-06,FAC-029,196,243,209,0.862,50,0.814,0,0
2026-08-07,FAC-029,147,243,151,0.622,60,0.97,0,0
2026-08-08,FAC-029,162,243,150,0.618,55,0.89,0,0
2026-08-09,FAC-029,260,243,238,0.98,57,0.934,3,1
2026-08-10,FAC-029,178,243,156,0.644,58,0.951,0,0
2026-08-11,FAC-029,222,243,238,0.98,48,0.777,0,0
2026-08-12,FAC-029,190,243,194,0.801,56,0.904,0,0
2026-08-13,FAC-029,166,243,140,0.579,52,0.852,0,0
2026-08-14,FAC-029,196,243,158,0.652,58,0.936,0,0
2026-08-15,FAC-029,166,243,145,0.6,56,0.912,0,0
2026-08-16,FAC-029,148,243,146,0.605,49,0.792,0,0
2026-08-17,FAC-029,171,243,162,0.667,53,0.857,0,0
2026-08-18,FAC-029,203,243,202,0.834,62,1.0,0,0
2026-08-19,FAC-029,193,243,128,0.53,48,0.778,0,0
2026-08-20,FAC-029,178,243,238,0.98,55,0.898,0,0
2026-08-21,FAC-029,215,243,234,0.965,51,0.824,0,0
2026-08-22,FAC-029,144,243,156,0.644,47,0.767,0,0
2026-08-23,FAC-029,181,243,178,0.735,58,0.937,0,0
2026-08-24,FAC-029,202,243,208,0.86,56,0.906,0,0
2026-08-25,FAC-029,202,243,202,0.835,50,0.817,0,0
2026-08-26,FAC-029,191,243,233,0.96,56,0.919,0,0
2026-08-27,FAC-029,216,243,196,0.81,52,0.84,0,0
2026-08-28,FAC-029,179,243,153,0.63,49,0.803,0,0
2026-08-29,FAC-029,171,243,164,0.675,59,0.953,0,0
2026-08-30,FAC-029,164,243,117,0.483,57,0.927,0,0
2026-08-31,FAC-029,166,243,170,0.7,52,0.854,0,0
2026-09-01,FAC-029,202,243,173,0.716,58,0.947,0,0
2026-09-02,FAC-029,199,243,192,0.791,49,0.798,0,0
2026-09-03,FAC-029,227,243,209,0.862,56,0.916,0,0
2026-09-04,FAC-029,183,243,238,0.98,56,0.909,0,0
2026-09-05,FAC-029,160,243,171,0.707,58,0.945,0,0
2026-09-06,FAC-029,174,243,167,0.69,57,0.926,0,0
2026-09-07,FAC-029,196,243,195,0.805,52,0.853,0,0
2026-09-08,FAC-029,175,243,185,0.765,58,0.936,0,0
2026-09-09,FAC-029,219,243,219,0.905,54,0.887,0,0
2026-09-10,FAC-029,176,243,175,0.721,57,0.922,0,0
2026-09-11,FAC-029,170,243,190,0.785,53,0.857,0,0
2026-09-12,FAC-029,166,243,177,0.731,55,0.9,0,0
2026-09-13,FAC-029,188,243,200,0.824,55,0.891,0,0
2026-09-14,FAC-029,149,243,168,0.693,51,0.829,0,0
2026-09-15,FAC-029,213,243,222,0.916,55,0.888,0,0
2026-09-16,FAC-029,215,243,225,0.926,57,0.92,0,0
2026-09-17,FAC-029,172,243,172,0.711,51,0.825,0,0
2026-09-18,FAC-029,182,243,174,0.72,61,0.988,0,0
2026-09-19,FAC-029,175,243,183,0.755,58,0.946,0,0
2026-09-20,FAC-029,158,243,127,0.524,49,0.795,0,0
2026-09-21,FAC-029,204,243,223,0.918,59,0.955,0,0
2026-09-22,FAC-029,187,243,213,0.878,62,1.0,0,0
2026-09-23,FAC-029,210,243,238,0.98,59,0.952,0,0
2026-09-24,FAC-029,196,243,183,0.753,49,0.803,0,0
2026-09-25,FAC-029,193,243,188,0.775,55,0.887,0,0
2026-09-26,FAC-029,169,243,124,0.512,58,0.947,0,0
2026-09-27,FAC-029,182,243,189,0.779,51,0.83,0,0
2026-04-01,FAC-030,93,95,93,0.98,29,0.93,0,0
2026-04-02,FAC-030,99,95,93,0.98,26,0.836,1,0
2026-04-03,FAC-030,101,95,89,0.943,26,0.83,0,0
2026-04-04,FAC-030,82,95,88,0.927,30,0.938,0,0
2026-04-05,FAC-030,81,95,84,0.888,26,0.836,2,0
2026-04-06,FAC-030,91,95,86,0.914,26,0.842,0,0
2026-04-07,FAC-030,93,95,91,0.962,27,0.872,0,0
2026-04-08,FAC-030,94,95,72,0.761,29,0.923,0,0
2026-04-09,FAC-030,93,95,89,0.946,26,0.817,0,0
2026-04-10,FAC-030,108,95,93,0.98,25,0.8,0,0
2026-04-11,FAC-030,110,95,93,0.98,28,0.878,0,1
2026-04-12,FAC-030,78,95,72,0.767,29,0.919,0,0
2026-04-13,FAC-030,116,95,93,0.98,26,0.833,0,0
2026-04-14,FAC-030,91,95,88,0.936,27,0.848,0,0
2026-04-15,FAC-030,88,95,93,0.98,27,0.87,0,0
2026-04-16,FAC-030,99,95,93,0.98,27,0.869,0,0
2026-04-17,FAC-030,98,95,90,0.95,29,0.925,0,0
2026-04-18,FAC-030,90,95,93,0.98,28,0.903,0,0
2026-04-19,FAC-030,78,95,79,0.84,28,0.903,0,0
2026-04-20,FAC-030,100,95,93,0.98,28,0.876,0,0
2026-04-21,FAC-030,95,95,93,0.98,30,0.948,0,0
2026-04-22,FAC-030,93,95,84,0.887,29,0.922,5,0
2026-04-23,FAC-030,102,95,93,0.98,27,0.857,0,0
2026-04-24,FAC-030,93,95,93,0.98,29,0.913,0,0
2026-04-25,FAC-030,142,95,93,0.98,31,0.973,0,1
2026-04-26,FAC-030,88,95,87,0.918,29,0.937,0,0
2026-04-27,FAC-030,107,95,93,0.98,27,0.868,3,0
2026-04-28,FAC-030,101,95,93,0.98,29,0.925,0,0
2026-04-29,FAC-030,102,95,93,0.98,28,0.885,0,0
2026-04-30,FAC-030,95,95,93,0.98,28,0.905,0,0
2026-05-01,FAC-030,107,95,93,0.98,27,0.853,4,0
2026-05-02,FAC-030,87,95,78,0.829,31,0.997,0,0
2026-05-03,FAC-030,84,95,85,0.895,27,0.848,0,0
2026-05-04,FAC-030,92,95,93,0.98,28,0.905,0,0
2026-05-05,FAC-030,94,95,93,0.98,28,0.9,0,0
2026-05-06,FAC-030,89,95,93,0.98,26,0.83,0,0
2026-05-07,FAC-030,82,95,82,0.871,26,0.838,0,0
2026-05-08,FAC-030,98,95,93,0.98,30,0.959,0,0
2026-05-09,FAC-030,139,95,93,0.98,27,0.857,0,1
2026-05-10,FAC-030,83,95,83,0.875,26,0.843,4,0
2026-05-11,FAC-030,94,95,93,0.98,29,0.93,0,0
2026-05-12,FAC-030,95,95,93,0.98,26,0.82,0,0
2026-05-13,FAC-030,104,95,93,0.98,30,0.945,0,0
2026-05-14,FAC-030,100,95,93,0.98,29,0.936,0,0
2026-05-15,FAC-030,94,95,93,0.98,27,0.856,0,0
2026-05-16,FAC-030,80,95,78,0.831,29,0.924,0,0
2026-05-17,FAC-030,87,95,93,0.98,29,0.909,0,0
2026-05-18,FAC-030,90,95,93,0.98,29,0.92,0,0
2026-05-19,FAC-030,96,95,92,0.978,27,0.863,0,0
2026-05-20,FAC-030,92,95,82,0.871,30,0.958,0,0
2026-05-21,FAC-030,101,95,93,0.98,27,0.863,0,0
2026-05-22,FAC-030,106,95,93,0.98,28,0.892,3,0
2026-05-23,FAC-030,90,95,74,0.788,29,0.911,0,0
2026-05-24,FAC-030,79,95,79,0.841,28,0.878,5,0
2026-05-25,FAC-030,102,95,93,0.98,32,1.0,0,0
2026-05-26,FAC-030,97,95,93,0.98,29,0.921,0,0
2026-05-27,FAC-030,101,95,93,0.98,27,0.859,0,0
2026-05-28,FAC-030,95,95,93,0.98,26,0.841,0,0
2026-05-29,FAC-030,143,95,93,0.98,30,0.95,0,1
2026-05-30,FAC-030,82,95,90,0.955,24,0.776,0,0
2026-05-31,FAC-030,99,95,93,0.98,27,0.874,0,0
2026-06-01,FAC-030,102,95,93,0.98,24,0.775,0,0
2026-06-02,FAC-030,99,95,93,0.98,30,0.958,0,0
2026-06-03,FAC-030,100,95,93,0.98,29,0.926,0,0
2026-06-04,FAC-030,100,95,93,0.98,28,0.879,0,0
2026-06-05,FAC-030,96,95,93,0.98,30,0.948,0,0
2026-06-06,FAC-030,79,95,68,0.72,31,0.986,0,0
2026-06-07,FAC-030,77,95,80,0.85,29,0.915,0,0
2026-06-08,FAC-030,96,95,93,0.98,26,0.828,3,0
2026-06-09,FAC-030,111,95,93,0.98,31,0.974,0,0
2026-06-10,FAC-030,92,95,74,0.782,29,0.929,0,0
2026-06-11,FAC-030,88,95,84,0.893,31,0.991,0,0
2026-06-12,FAC-030,111,95,93,0.98,28,0.906,0,0
2026-06-13,FAC-030,90,95,74,0.788,25,0.81,0,0
2026-06-14,FAC-030,82,95,88,0.93,27,0.874,0,0
2026-06-15,FAC-030,105,95,93,0.98,28,0.906,0,0
2026-06-16,FAC-030,103,95,93,0.98,27,0.873,4,0
2026-06-17,FAC-030,99,95,87,0.919,28,0.894,0,0
2026-06-18,FAC-030,107,95,93,0.98,27,0.855,0,0
2026-06-19,FAC-030,105,95,93,0.98,32,1.0,0,0
2026-06-20,FAC-030,86,95,91,0.967,31,0.998,0,0
2026-06-21,FAC-030,86,95,89,0.942,28,0.881,0,0
2026-06-22,FAC-030,118,95,93,0.98,28,0.884,0,0
2026-06-23,FAC-030,94,95,79,0.841,25,0.805,0,0
2026-06-24,FAC-030,93,95,93,0.98,29,0.92,0,0
2026-06-25,FAC-030,89,95,81,0.863,29,0.917,0,0
2026-06-26,FAC-030,113,95,93,0.98,29,0.928,0,0
2026-06-27,FAC-030,113,95,93,0.98,26,0.83,0,1
2026-06-28,FAC-030,89,95,85,0.898,28,0.879,0,0
2026-06-29,FAC-030,107,95,93,0.98,27,0.856,0,0
2026-06-30,FAC-030,102,95,93,0.98,28,0.889,0,0
2026-07-01,FAC-030,105,95,93,0.98,28,0.879,0,0
2026-07-02,FAC-030,92,95,93,0.98,27,0.871,0,0
2026-07-03,FAC-030,93,95,85,0.895,28,0.905,0,0
2026-07-04,FAC-030,78,95,72,0.764,30,0.948,0,0
2026-07-05,FAC-030,88,95,77,0.819,30,0.943,0,0
2026-07-06,FAC-030,100,95,93,0.98,31,0.985,0,0
2026-07-07,FAC-030,87,95,92,0.977,31,0.998,0,0
2026-07-08,FAC-030,101,95,93,0.98,29,0.913,0,0
2026-07-09,FAC-030,108,95,93,0.98,24,0.779,0,0
2026-07-10,FAC-030,99,95,93,0.98,30,0.943,0,0
2026-07-11,FAC-030,93,95,91,0.961,26,0.827,0,0
2026-07-12,FAC-030,87,95,81,0.854,27,0.864,0,0
2026-07-13,FAC-030,119,95,93,0.98,25,0.806,0,0
2026-07-14,FAC-030,105,95,93,0.98,30,0.953,0,0
2026-07-15,FAC-030,107,95,93,0.98,29,0.909,0,0
2026-07-16,FAC-030,108,95,93,0.98,26,0.824,0,0
2026-07-17,FAC-030,95,95,93,0.98,29,0.915,0,0
2026-07-18,FAC-030,73,95,68,0.723,29,0.918,0,0
2026-07-19,FAC-030,85,95,82,0.866,32,1.0,0,0
2026-07-20,FAC-030,100,95,93,0.98,29,0.908,0,0
2026-07-21,FAC-030,102,95,93,0.98,24,0.775,0,0
2026-07-22,FAC-030,92,95,89,0.943,30,0.949,0,0
2026-07-23,FAC-030,98,95,91,0.965,30,0.957,0,0
2026-07-24,FAC-030,111,95,93,0.98,28,0.906,0,0
2026-07-25,FAC-030,67,95,64,0.68,32,1.0,0,0
2026-07-26,FAC-030,86,95,75,0.795,26,0.819,0,0
2026-07-27,FAC-030,93,95,87,0.925,25,0.786,0,0
2026-07-28,FAC-030,103,95,93,0.98,28,0.879,0,0
2026-07-29,FAC-030,117,95,93,0.98,31,0.972,0,0
2026-07-30,FAC-030,89,95,91,0.961,29,0.927,0,0
2026-07-31,FAC-030,95,95,93,0.98,27,0.857,0,0
2026-08-01,FAC-030,83,95,80,0.851,26,0.816,0,0
2026-08-02,FAC-030,89,95,93,0.98,28,0.878,0,0
2026-08-03,FAC-030,103,95,93,0.98,26,0.825,0,0
2026-08-04,FAC-030,98,95,93,0.98,28,0.895,0,0
2026-08-05,FAC-030,97,95,93,0.98,27,0.845,0,0
2026-08-06,FAC-030,91,95,88,0.93,27,0.849,0,0
2026-08-07,FAC-030,91,95,93,0.98,32,1.0,0,0
2026-08-08,FAC-030,75,95,71,0.756,29,0.91,0,0
2026-08-09,FAC-030,126,95,93,0.98,28,0.891,0,1
2026-08-10,FAC-030,105,95,93,0.98,27,0.866,0,0
2026-08-11,FAC-030,109,95,93,0.98,30,0.944,0,0
2026-08-12,FAC-030,87,95,81,0.862,31,0.991,0,0
2026-08-13,FAC-030,101,95,93,0.98,28,0.895,2,0
2026-08-14,FAC-030,114,95,93,0.98,30,0.94,0,0
2026-08-15,FAC-030,88,95,77,0.817,28,0.882,0,0
2026-08-16,FAC-030,80,95,70,0.74,31,0.972,0,0
2026-08-17,FAC-030,91,95,93,0.98,27,0.848,0,0
2026-08-18,FAC-030,112,95,93,0.98,29,0.92,0,0
2026-08-19,FAC-030,97,95,80,0.848,25,0.8,0,0
2026-08-20,FAC-030,86,95,87,0.926,28,0.898,0,0
2026-08-21,FAC-030,106,95,93,0.98,24,0.77,0,0
2026-08-22,FAC-030,95,95,93,0.98,29,0.922,0,0
2026-08-23,FAC-030,94,95,93,0.98,29,0.916,0,0
2026-08-24,FAC-030,96,95,87,0.925,25,0.805,0,0
2026-08-25,FAC-030,96,95,93,0.98,25,0.809,0,0
2026-08-26,FAC-030,94,95,93,0.98,32,1.0,0,0
2026-08-27,FAC-030,93,95,88,0.929,30,0.94,0,0
2026-08-28,FAC-030,107,95,93,0.98,27,0.85,0,0
2026-08-29,FAC-030,90,95,87,0.923,29,0.917,0,0
2026-08-30,FAC-030,85,95,87,0.923,29,0.927,0,0
2026-08-31,FAC-030,86,95,82,0.868,29,0.92,0,0
2026-09-01,FAC-030,109,95,93,0.98,25,0.789,0,0
2026-09-02,FAC-030,112,95,93,0.98,29,0.906,0,0
2026-09-03,FAC-030,98,95,93,0.98,27,0.873,0,0
2026-09-04,FAC-030,143,95,93,0.98,27,0.871,0,1
2026-09-05,FAC-030,92,95,87,0.916,30,0.962,0,0
2026-09-06,FAC-030,85,95,93,0.98,28,0.883,4,0
2026-09-07,FAC-030,95,95,92,0.973,28,0.887,0,0
2026-09-08,FAC-030,104,95,93,0.98,29,0.915,0,0
2026-09-09,FAC-030,105,95,93,0.98,29,0.92,0,0
2026-09-10,FAC-030,98,95,93,0.98,29,0.918,0,0
2026-09-11,FAC-030,107,95,93,0.98,27,0.857,4,0
2026-09-12,FAC-030,93,95,93,0.98,23,0.743,0,0
2026-09-13,FAC-030,101,95,93,0.98,28,0.877,0,0
2026-09-14,FAC-030,108,95,93,0.98,29,0.93,0,0
2026-09-15,FAC-030,95,95,93,0.98,29,0.918,0,0
2026-09-16,FAC-030,113,95,93,0.98,29,0.926,0,0
2026-09-17,FAC-030,95,95,93,0.98,30,0.952,0,0
2026-09-18,FAC-030,97,95,93,0.98,26,0.842,0,0
2026-09-19,FAC-030,78,95,71,0.752,29,0.934,0,0
2026-09-20,FAC-030,86,95,79,0.837,32,1.0,0,0
2026-09-21,FAC-030,97,95,93,0.98,29,0.92,0,0
2026-09-22,FAC-030,105,95,91,0.959,31,0.976,0,0
2026-09-23,FAC-030,106,95,93,0.98,30,0.968,0,0
2026-09-24,FAC-030,117,95,93,0.98,27,0.857,0,0
2026-09-25,FAC-030,98,95,91,0.962,31,0.979,0,0
2026-09-26,FAC-030,80,95,77,0.812,25,0.802,0,0
2026-09-27,FAC-030,93,95,92,0.969,30,0.953,0,0
